DROP TABLE IF EXISTS familiares, visitas, dietas, trabajos, empleados, habitaciones, hoja_tratamiento, tomas, medicamentos, residentes;

CREATE TABLE familiares (
	dni						VARCHAR(10),
	nombre					VARCHAR(255) NOT NULL,
	apellidos				VARCHAR(255) NOT NULL,
	relacion				VARCHAR(50),
	telefono				VARCHAR(15) NOT NULL,
	dni_residente			VARCHAR(10) NOT NULL,
	CONSTRAINT pk_familiares PRIMARY KEY (dni)
);

CREATE TABLE visitas (
	dni_familiar			VARCHAR(10),
	fecha					TIMESTAMP,
	CONSTRAINT pk_visitas PRIMARY KEY (dni_familiar, fecha)
);

CREATE TABLE dietas (
	id_dieta				SMALLSERIAL,
	nombre					VARCHAR(255) NOT NULL,
	descripcion				TEXT,
	CONSTRAINT pk_dieta PRIMARY KEY (id_dieta)
);

CREATE TABLE trabajos (
	id_trabajo				SMALLINT,
	nombre					VARCHAR(100) NOT NULL,
	CONSTRAINT pk_trabajos PRIMARY KEY (id_trabajo)
);

CREATE TABLE empleados (
	id_empleado				SERIAL,
	dni						VARCHAR(10)	NOT NULL,
	nombre					VARCHAR(100) NOT NULL,
	apellidos				VARCHAR(150) NOT NULL,
	id_trabajo				SMALLINT NOT NULL,
	fecha_contratacion		DATE NOT NULL,
	fecha_nacimiento		DATE NOT NULL,
	CONSTRAINT pk_empleados PRIMARY KEY (id_empleado)
);

CREATE TABLE habitaciones (
	id_habitacion			SMALLINT,
	tipo					VARCHAR(100) NOT NULL,
	precio					INTEGER	NOT NULL,
	CONSTRAINT pk_habitaciones PRIMARY KEY (id_habitacion)
);

CREATE TABLE hoja_tratamiento (
	dni_residente			varchar(10) not null,
	cantmedicamento			smallint not null,
	momento             	varchar (20) not null,
	constraint pk_hoja_tratamiento primary key (dni_residente, momento)
);

CREATE TABLE tomas (
	dni_residente			varchar(10) NOT NULL,
	momento             	varchar (20) NOT NULL,
	fecha               	date NOT NULL,
	id_medicamento   		integer NOT NULL,
	CONSTRAINT pk_tomas PRIMARY KEY (dni_residente, momento, fecha, id_medicamento)
);

CREATE TABLE medicamentos (
	id_medicamento			serial NOT NULL,
	nombre					varchar NOT NULL,
	CONSTRAINT pk_medicamentos PRIMARY KEY (id_medicamento)
);

CREATE TABLE residentes (
	dni						varchar (10),
	nombre					varchar (100) NOT NULL,
	apellidos				varchar (150) NOT NULL,
	fecha_nacimiento		date NOT NULL,
	fecha_alta				date NOT NULL,
	id_habitacion			smallint,
	id_empleado				smallint,
	id_dieta				smallint,
	fecha_baja				date,
	motivo_baja				text,
	CONSTRAINT pk_residentes PRIMARY KEY (dni),
	CONSTRAINT ck_fechas_alta_baja CHECK (fecha_baja > fecha_alta)
);

ALTER TABLE familiares ADD CONSTRAINT fk_familiares_residentes FOREIGN KEY (dni_residente) REFERENCES residentes;
ALTER TABLE visitas ADD CONSTRAINT fk_visitas_familiares FOREIGN KEY (dni_familiar) REFERENCES familiares;
ALTER TABLE empleados ADD CONSTRAINT fk_empleados_trabajos FOREIGN KEY (id_trabajo) REFERENCES trabajos;
ALTER TABLE hoja_tratamiento ADD CONSTRAINT fk_hoja_tratamiento_residentes FOREIGN KEY (dni_residente) REFERENCES residentes;
ALTER TABLE tomas ADD CONSTRAINT fk_tomas_hoja_tratamiento FOREIGN KEY (dni_residente, momento) REFERENCES hoja_tratamiento (dni_residente, momento);
ALTER TABLE tomas ADD CONSTRAINT fk_tomas_medicamentos foreign key (id_medicamento) references medicamentos;
ALTER TABLE residentes ADD CONSTRAINT fk_residentes_habitaciones FOREIGN KEY (id_habitacion) REFERENCES habitaciones;
ALTER TABLE residentes ADD CONSTRAINT fk_residentes_empleados FOREIGN KEY (id_empleado) REFERENCES empleados;
ALTER TABLE residentes ADD CONSTRAINT fk_residentes_dieta FOREIGN KEY (id_dieta) REFERENCES dietas;

INSERT INTO dietas (nombre)
VALUES ('general'),
('liquidos'),
('blanda'),
('vegetariana'),
('celiaca'),
('hipocalórica'),
('proteicas');

SET DATESTYLE TO MDY;

insert into residentes (dni, nombre, apellidos, fecha_nacimiento, fecha_alta, id_habitacion, id_empleado, id_dieta, fecha_baja, motivo_baja )values ('30264227J', 'FERNANDO', 'BRAVO GALLARDO', '3/11/1944', '5/9/2021', null, null, null, null, null );
insert into residentes (dni, nombre, apellidos, fecha_nacimiento, fecha_alta, id_habitacion, id_empleado, id_dieta, fecha_baja, motivo_baja )values ('24495377Y', 'ANA', 'RUBIO NAVARRO', '9/22/1927', '3/5/2021', null, null, null, null, null );
insert into residentes (dni, nombre, apellidos, fecha_nacimiento, fecha_alta, id_habitacion, id_empleado, id_dieta, fecha_baja, motivo_baja )values ('47972091R', 'GUILLERMO', 'GUERRERO PASCUAL', '5/2/1932', '9/4/2020', null, null, null, null, null );
insert into residentes (dni, nombre, apellidos, fecha_nacimiento, fecha_alta, id_habitacion, id_empleado, id_dieta, fecha_baja, motivo_baja )values ('19775410Y', 'DAVID', 'CASTILLO FERRER', '8/2/1925', '3/3/2020', null, null, null, null, null );
insert into residentes (dni, nombre, apellidos, fecha_nacimiento, fecha_alta, id_habitacion, id_empleado, id_dieta, fecha_baja, motivo_baja )values ('86930737E', 'DANIEL', 'ORTIZ MORALES', '4/19/1948', '2/7/2020', null, null, null, null, null );
insert into residentes (dni, nombre, apellidos, fecha_nacimiento, fecha_alta, id_habitacion, id_empleado, id_dieta, fecha_baja, motivo_baja )values ('11219791H', 'JOSE LUIS', 'LOZANO CARMONA', '1/9/1946', '7/4/2020', null, null, null, null, null );
insert into residentes (dni, nombre, apellidos, fecha_nacimiento, fecha_alta, id_habitacion, id_empleado, id_dieta, fecha_baja, motivo_baja )values ('70410442W', 'MARIA LUISA', 'GIL HERRERO', '6/8/1930', '5/13/2020', null, null, null, null, null );
insert into residentes (dni, nombre, apellidos, fecha_nacimiento, fecha_alta, id_habitacion, id_empleado, id_dieta, fecha_baja, motivo_baja )values ('90751538X', 'JORDI', 'SAEZ GOMEZ', '4/2/1932', '8/24/2021', null, null, null, null, null );
insert into residentes (dni, nombre, apellidos, fecha_nacimiento, fecha_alta, id_habitacion, id_empleado, id_dieta, fecha_baja, motivo_baja )values ('54865763C', 'MARIA ISABEL', 'NUÑEZ IGLESIAS', '10/31/1928', '11/8/2021', null, null, null, null, null );
insert into residentes (dni, nombre, apellidos, fecha_nacimiento, fecha_alta, id_habitacion, id_empleado, id_dieta, fecha_baja, motivo_baja )values ('79492924W', 'RUBEN', 'CRESPO CARRASCO', '5/21/1946', '7/20/2020', null, null, null, null, null );
insert into residentes (dni, nombre, apellidos, fecha_nacimiento, fecha_alta, id_habitacion, id_empleado, id_dieta, fecha_baja, motivo_baja )values ('37598391Q', 'JOAN', 'ESTEBAN ESTEBAN', '5/19/1941', '12/1/2020', null, null, null, null, null );
insert into residentes (dni, nombre, apellidos, fecha_nacimiento, fecha_alta, id_habitacion, id_empleado, id_dieta, fecha_baja, motivo_baja )values ('08002201X', 'SILVIA', 'DIEZ MOYA', '7/2/1948', '12/6/2020', null, null, null, '10/3/2021', 'exitus' );
insert into residentes (dni, nombre, apellidos, fecha_nacimiento, fecha_alta, id_habitacion, id_empleado, id_dieta, fecha_baja, motivo_baja )values ('77122141T', 'MARIA ROSARIO', 'SOTO PARRA', '8/5/1942', '1/18/2021', null, null, null, null, null );
insert into residentes (dni, nombre, apellidos, fecha_nacimiento, fecha_alta, id_habitacion, id_empleado, id_dieta, fecha_baja, motivo_baja )values ('13212433D', 'JUAN ANTONIO', 'CRUZ BRAVO', '4/13/1929', '6/6/2020', null, null, null, null, null );
insert into residentes (dni, nombre, apellidos, fecha_nacimiento, fecha_alta, id_habitacion, id_empleado, id_dieta, fecha_baja, motivo_baja )values ('18107438W', 'INES', 'ROMAN DURA ', '4/3/1925', '6/11/2021', null, null, null, null, null );
insert into residentes (dni, nombre, apellidos, fecha_nacimiento, fecha_alta, id_habitacion, id_empleado, id_dieta, fecha_baja, motivo_baja )values ('40399088K', 'BEATRIZ', 'CAMPOS MOYA', '10/7/1925', '10/13/2021', null, null, null, null, null );
insert into residentes (dni, nombre, apellidos, fecha_nacimiento, fecha_alta, id_habitacion, id_empleado, id_dieta, fecha_baja, motivo_baja )values ('20053175U', 'EMILIA', 'MORA ROMAN', '3/10/1937', '8/3/2021', null, null, null, null, null );
insert into residentes (dni, nombre, apellidos, fecha_nacimiento, fecha_alta, id_habitacion, id_empleado, id_dieta, fecha_baja, motivo_baja )values ('86111663A', 'JOSE IGNACIO', 'AGUILAR ROMAN', '1/10/1944', '4/26/2020', null, null, null, null, null );
insert into residentes (dni, nombre, apellidos, fecha_nacimiento, fecha_alta, id_habitacion, id_empleado, id_dieta, fecha_baja, motivo_baja )values ('04748091L', 'MIGUEL', 'PRIETO CARRASCO', '8/10/1943', '8/27/2020', null, null, null, null, null );
insert into residentes (dni, nombre, apellidos, fecha_nacimiento, fecha_alta, id_habitacion, id_empleado, id_dieta, fecha_baja, motivo_baja )values ('86628976I', 'JOSE RAMON', 'LORENZO MORA', '9/20/1925', '11/5/2020', null, null, null, '3/17/2021', 'exitus' );
insert into residentes (dni, nombre, apellidos, fecha_nacimiento, fecha_alta, id_habitacion, id_empleado, id_dieta, fecha_baja, motivo_baja )values ('81180832N', 'ANA', 'GIMENEZ MOY ', '1/22/1948', '2/25/2020', null, null, null, null, null );
insert into residentes (dni, nombre, apellidos, fecha_nacimiento, fecha_alta, id_habitacion, id_empleado, id_dieta, fecha_baja, motivo_baja )values ('06275035S', 'RAUL', 'DURAN CAMPOS', '11/19/1937', '6/15/2021', null, null, null, null, null );
insert into residentes (dni, nombre, apellidos, fecha_nacimiento, fecha_alta, id_habitacion, id_empleado, id_dieta, fecha_baja, motivo_baja )values ('62057010D', 'JOAQUIN', 'VEGA GIL', '9/14/1942', '3/25/2020', null, null, null, '11/8/2020', 'voluntaria' );
insert into residentes (dni, nombre, apellidos, fecha_nacimiento, fecha_alta, id_habitacion, id_empleado, id_dieta, fecha_baja, motivo_baja )values ('38768237Z', 'ANGEL', 'PASTOR GALLARDO', '7/7/1928', '3/27/2020', null, null, null, null, null );
insert into residentes (dni, nombre, apellidos, fecha_nacimiento, fecha_alta, id_habitacion, id_empleado, id_dieta, fecha_baja, motivo_baja )values ('85365974Y', 'CRISTINA', 'PARRA VARGAS', '1/24/1933', '1/28/2020', null, null, null, null, null );
insert into residentes (dni, nombre, apellidos, fecha_nacimiento, fecha_alta, id_habitacion, id_empleado, id_dieta, fecha_baja, motivo_baja )values ('76037515I', 'RAFAEL', 'PEÑA GALLEGO', '11/8/1930', '6/24/2021', null, null, null, null, null );
insert into residentes (dni, nombre, apellidos, fecha_nacimiento, fecha_alta, id_habitacion, id_empleado, id_dieta, fecha_baja, motivo_baja )values ('56482490U', 'ALBERTO', 'GALLARDO BRAVO', '5/2/1936', '1/6/2021', null, null, null, null, null );
insert into residentes (dni, nombre, apellidos, fecha_nacimiento, fecha_alta, id_habitacion, id_empleado, id_dieta, fecha_baja, motivo_baja )values ('24356685V', 'FRANCISCO JAVIER', 'GALLARDO CASTILLO', '8/28/1933', '4/4/2020', null, null, null, null, null );
insert into residentes (dni, nombre, apellidos, fecha_nacimiento, fecha_alta, id_habitacion, id_empleado, id_dieta, fecha_baja, motivo_baja )values ('37308803E', 'FRANCISCO JOSE', 'CRUZ BRAVO', '1/28/1938', '9/23/2021', null, null, null, null, null );
insert into residentes (dni, nombre, apellidos, fecha_nacimiento, fecha_alta, id_habitacion, id_empleado, id_dieta, fecha_baja, motivo_baja )values ('98636192C', 'MARIA CRISTINA', 'SOLER SOLER', '5/12/1928', '9/15/2020', null, null, null, '9/21/2021', 'voluntaria' );
insert into residentes (dni, nombre, apellidos, fecha_nacimiento, fecha_alta, id_habitacion, id_empleado, id_dieta, fecha_baja, motivo_baja )values ('17957461A', 'DAVID', 'SAEZ SAEZ', '10/24/1936', '7/29/2020', null, null, null, null, null );
insert into residentes (dni, nombre, apellidos, fecha_nacimiento, fecha_alta, id_habitacion, id_empleado, id_dieta, fecha_baja, motivo_baja )values ('44885359F', 'MARIA MERCEDES', 'PARRA VARGAS', '10/19/1937', '5/28/2020', null, null, null, null, null );
insert into residentes (dni, nombre, apellidos, fecha_nacimiento, fecha_alta, id_habitacion, id_empleado, id_dieta, fecha_baja, motivo_baja )values ('55003510P', 'JOSE MARIA', 'MOLINA RAMOS', '1/14/1927', '12/5/2021', null, null, null, null, null );
insert into residentes (dni, nombre, apellidos, fecha_nacimiento, fecha_alta, id_habitacion, id_empleado, id_dieta, fecha_baja, motivo_baja )values ('03890386Z', 'SARA', 'LORENZO MORA', '9/13/1942', '8/22/2020', null, null, null, '7/18/2021', 'exitus' );
insert into residentes (dni, nombre, apellidos, fecha_nacimiento, fecha_alta, id_habitacion, id_empleado, id_dieta, fecha_baja, motivo_baja )values ('27790087F', 'ANA', 'SOLER SOLER', '1/3/1929', '2/27/2021', null, null, null, null, null );
insert into residentes (dni, nombre, apellidos, fecha_nacimiento, fecha_alta, id_habitacion, id_empleado, id_dieta, fecha_baja, motivo_baja )values ('95183533K', 'CRISTIAN', 'RUBIO NAVARRO', '10/13/1944', '1/17/2020', null, null, null, null, null );
insert into residentes (dni, nombre, apellidos, fecha_nacimiento, fecha_alta, id_habitacion, id_empleado, id_dieta, fecha_baja, motivo_baja )values ('69018134V', 'DOLORES', 'SUAREZ ARIAS', '4/15/1938', '4/24/2021', null, null, null, null, null );
insert into residentes (dni, nombre, apellidos, fecha_nacimiento, fecha_alta, id_habitacion, id_empleado, id_dieta, fecha_baja, motivo_baja )values ('73306246K', 'MIRIAM', 'CAMPOS DIEZ', '12/19/1947', '5/31/2020', null, null, null, '9/17/2021', 'exitus' );
insert into residentes (dni, nombre, apellidos, fecha_nacimiento, fecha_alta, id_habitacion, id_empleado, id_dieta, fecha_baja, motivo_baja )values ('77670389N', 'JAVIER', 'GARCIA JIMENEZ', '7/17/1928', '1/30/2020', null, null, null, '10/29/2021', 'voluntaria' );
insert into residentes (dni, nombre, apellidos, fecha_nacimiento, fecha_alta, id_habitacion, id_empleado, id_dieta, fecha_baja, motivo_baja )values ('89516067D', 'LAURA', 'FERRER SANTANA', '4/23/1928', '5/22/2020', null, null, null, null, null );
insert into residentes (dni, nombre, apellidos, fecha_nacimiento, fecha_alta, id_habitacion, id_empleado, id_dieta, fecha_baja, motivo_baja )values ('23263239M', 'NOELIA', 'MOYA PARRA', '2/27/1930', '5/8/2021', null, null, null, null, null );
insert into residentes (dni, nombre, apellidos, fecha_nacimiento, fecha_alta, id_habitacion, id_empleado, id_dieta, fecha_baja, motivo_baja )values ('28200659U', 'CLARA', 'GALLARDO CASTILLO', '1/29/1935', '6/25/2020', null, null, null, '11/13/2021', 'exitus' );
insert into residentes (dni, nombre, apellidos, fecha_nacimiento, fecha_alta, id_habitacion, id_empleado, id_dieta, fecha_baja, motivo_baja )values ('05843866Y', 'VICTOR MANUEL', 'PEÑA NUÑEZ', '3/28/1937', '8/9/2020', null, null, null, null, null );
insert into residentes (dni, nombre, apellidos, fecha_nacimiento, fecha_alta, id_habitacion, id_empleado, id_dieta, fecha_baja, motivo_baja )values ('89208464C', 'MARIA', 'SAEZ GALLARDO', '2/27/1938', '1/17/2020', null, null, null, '5/19/2020', 'exitus' );
insert into residentes (dni, nombre, apellidos, fecha_nacimiento, fecha_alta, id_habitacion, id_empleado, id_dieta, fecha_baja, motivo_baja )values ('02566473H', 'EDUARDO', 'PASTOR GALLARDO', '3/23/1942', '5/7/2021', null, null, null, null, null );

insert into hoja_tratamiento (dni_residente, cantmedicamento, momento) values ('30264227J', 0, 'Desayuno');
insert into hoja_tratamiento (dni_residente, cantmedicamento, momento) values ('24495377Y', 1, 'Desayuno');
insert into hoja_tratamiento (dni_residente, cantmedicamento, momento) values ('47972091R', 2, 'Desayuno');
insert into hoja_tratamiento (dni_residente, cantmedicamento, momento) values ('19775410Y', 3, 'Desayuno');
insert into hoja_tratamiento (dni_residente, cantmedicamento, momento) values ('86930737E', 0, 'Desayuno');
insert into hoja_tratamiento (dni_residente, cantmedicamento, momento) values ('11219791H', 5, 'Desayuno');
insert into hoja_tratamiento (dni_residente, cantmedicamento, momento) values ('70410442W', 3, 'Desayuno');
insert into hoja_tratamiento (dni_residente, cantmedicamento, momento) values ('90751538X', 3, 'Desayuno');
insert into hoja_tratamiento (dni_residente, cantmedicamento, momento) values ('54865763C', 0, 'Desayuno');
insert into hoja_tratamiento (dni_residente, cantmedicamento, momento) values ('79492924W', 1, 'Desayuno');
insert into hoja_tratamiento (dni_residente, cantmedicamento, momento) values ('37598391Q', 5, 'Desayuno');
insert into hoja_tratamiento (dni_residente, cantmedicamento, momento) values ('08002201X', 5, 'Desayuno');
insert into hoja_tratamiento (dni_residente, cantmedicamento, momento) values ('77122141T', 1, 'Desayuno');
insert into hoja_tratamiento (dni_residente, cantmedicamento, momento) values ('13212433D', 4, 'Desayuno');
insert into hoja_tratamiento (dni_residente, cantmedicamento, momento) values ('18107438W', 5, 'Desayuno');
insert into hoja_tratamiento (dni_residente, cantmedicamento, momento) values ('40399088K', 2, 'Desayuno');
insert into hoja_tratamiento (dni_residente, cantmedicamento, momento) values ('20053175U', 4, 'Desayuno');
insert into hoja_tratamiento (dni_residente, cantmedicamento, momento) values ('86111663A', 0, 'Desayuno');
insert into hoja_tratamiento (dni_residente, cantmedicamento, momento) values ('04748091L', 2, 'Desayuno');
insert into hoja_tratamiento (dni_residente, cantmedicamento, momento) values ('86628976I', 5, 'Desayuno');
insert into hoja_tratamiento (dni_residente, cantmedicamento, momento) values ('81180832N', 3, 'Desayuno');
insert into hoja_tratamiento (dni_residente, cantmedicamento, momento) values ('06275035S', 5, 'Desayuno');
insert into hoja_tratamiento (dni_residente, cantmedicamento, momento) values ('62057010D', 1, 'Desayuno');
insert into hoja_tratamiento (dni_residente, cantmedicamento, momento) values ('38768237Z', 3, 'Desayuno');
insert into hoja_tratamiento (dni_residente, cantmedicamento, momento) values ('85365974Y', 3, 'Desayuno');
insert into hoja_tratamiento (dni_residente, cantmedicamento, momento) values ('76037515I', 5, 'Desayuno');
insert into hoja_tratamiento (dni_residente, cantmedicamento, momento) values ('56482490U', 3, 'Desayuno');
insert into hoja_tratamiento (dni_residente, cantmedicamento, momento) values ('24356685V', 0, 'Desayuno');
insert into hoja_tratamiento (dni_residente, cantmedicamento, momento) values ('37308803E', 5, 'Desayuno');
insert into hoja_tratamiento (dni_residente, cantmedicamento, momento) values ('98636192C', 4, 'Desayuno');
insert into hoja_tratamiento (dni_residente, cantmedicamento, momento) values ('17957461A', 5, 'Desayuno');
insert into hoja_tratamiento (dni_residente, cantmedicamento, momento) values ('44885359F', 1, 'Desayuno');
insert into hoja_tratamiento (dni_residente, cantmedicamento, momento) values ('55003510P', 1, 'Desayuno');
insert into hoja_tratamiento (dni_residente, cantmedicamento, momento) values ('03890386Z', 5, 'Desayuno');
insert into hoja_tratamiento (dni_residente, cantmedicamento, momento) values ('27790087F', 5, 'Desayuno');
insert into hoja_tratamiento (dni_residente, cantmedicamento, momento) values ('95183533K', 2, 'Desayuno');
insert into hoja_tratamiento (dni_residente, cantmedicamento, momento) values ('69018134V', 3, 'Desayuno');
insert into hoja_tratamiento (dni_residente, cantmedicamento, momento) values ('73306246K', 3, 'Desayuno');
insert into hoja_tratamiento (dni_residente, cantmedicamento, momento) values ('77670389N', 3, 'Desayuno');
insert into hoja_tratamiento (dni_residente, cantmedicamento, momento) values ('89516067D', 3, 'Desayuno');
insert into hoja_tratamiento (dni_residente, cantmedicamento, momento) values ('23263239M', 1, 'Desayuno');
insert into hoja_tratamiento (dni_residente, cantmedicamento, momento) values ('28200659U', 0, 'Desayuno');
insert into hoja_tratamiento (dni_residente, cantmedicamento, momento) values ('05843866Y', 1, 'Desayuno');
insert into hoja_tratamiento (dni_residente, cantmedicamento, momento) values ('89208464C', 4, 'Desayuno');
insert into hoja_tratamiento (dni_residente, cantmedicamento, momento) values ('02566473H', 1, 'Desayuno');
insert into hoja_tratamiento (dni_residente, cantmedicamento, momento) values ('30264227J', 5, 'Almuerzo');
insert into hoja_tratamiento (dni_residente, cantmedicamento, momento) values ('24495377Y', 3, 'Almuerzo');
insert into hoja_tratamiento (dni_residente, cantmedicamento, momento) values ('47972091R', 4, 'Almuerzo');
insert into hoja_tratamiento (dni_residente, cantmedicamento, momento) values ('19775410Y', 4, 'Almuerzo');
insert into hoja_tratamiento (dni_residente, cantmedicamento, momento) values ('86930737E', 3, 'Almuerzo');
insert into hoja_tratamiento (dni_residente, cantmedicamento, momento) values ('11219791H', 4, 'Almuerzo');
insert into hoja_tratamiento (dni_residente, cantmedicamento, momento) values ('70410442W', 3, 'Almuerzo');
insert into hoja_tratamiento (dni_residente, cantmedicamento, momento) values ('90751538X', 4, 'Almuerzo');
insert into hoja_tratamiento (dni_residente, cantmedicamento, momento) values ('54865763C', 0, 'Almuerzo');
insert into hoja_tratamiento (dni_residente, cantmedicamento, momento) values ('79492924W', 0, 'Almuerzo');
insert into hoja_tratamiento (dni_residente, cantmedicamento, momento) values ('37598391Q', 2, 'Almuerzo');
insert into hoja_tratamiento (dni_residente, cantmedicamento, momento) values ('08002201X', 0, 'Almuerzo');
insert into hoja_tratamiento (dni_residente, cantmedicamento, momento) values ('77122141T', 3, 'Almuerzo');
insert into hoja_tratamiento (dni_residente, cantmedicamento, momento) values ('13212433D', 1, 'Almuerzo');
insert into hoja_tratamiento (dni_residente, cantmedicamento, momento) values ('18107438W', 1, 'Almuerzo');
insert into hoja_tratamiento (dni_residente, cantmedicamento, momento) values ('40399088K', 4, 'Almuerzo');
insert into hoja_tratamiento (dni_residente, cantmedicamento, momento) values ('20053175U', 2, 'Almuerzo');
insert into hoja_tratamiento (dni_residente, cantmedicamento, momento) values ('86111663A', 3, 'Almuerzo');
insert into hoja_tratamiento (dni_residente, cantmedicamento, momento) values ('04748091L', 5, 'Almuerzo');
insert into hoja_tratamiento (dni_residente, cantmedicamento, momento) values ('86628976I', 0, 'Almuerzo');
insert into hoja_tratamiento (dni_residente, cantmedicamento, momento) values ('81180832N', 5, 'Almuerzo');
insert into hoja_tratamiento (dni_residente, cantmedicamento, momento) values ('06275035S', 5, 'Almuerzo');
insert into hoja_tratamiento (dni_residente, cantmedicamento, momento) values ('62057010D', 4, 'Almuerzo');
insert into hoja_tratamiento (dni_residente, cantmedicamento, momento) values ('38768237Z', 0, 'Almuerzo');
insert into hoja_tratamiento (dni_residente, cantmedicamento, momento) values ('85365974Y', 0, 'Almuerzo');
insert into hoja_tratamiento (dni_residente, cantmedicamento, momento) values ('76037515I', 5, 'Almuerzo');
insert into hoja_tratamiento (dni_residente, cantmedicamento, momento) values ('56482490U', 4, 'Almuerzo');
insert into hoja_tratamiento (dni_residente, cantmedicamento, momento) values ('24356685V', 2, 'Almuerzo');
insert into hoja_tratamiento (dni_residente, cantmedicamento, momento) values ('37308803E', 5, 'Almuerzo');
insert into hoja_tratamiento (dni_residente, cantmedicamento, momento) values ('98636192C', 0, 'Almuerzo');
insert into hoja_tratamiento (dni_residente, cantmedicamento, momento) values ('17957461A', 5, 'Almuerzo');
insert into hoja_tratamiento (dni_residente, cantmedicamento, momento) values ('44885359F', 3, 'Almuerzo');
insert into hoja_tratamiento (dni_residente, cantmedicamento, momento) values ('55003510P', 2, 'Almuerzo');
insert into hoja_tratamiento (dni_residente, cantmedicamento, momento) values ('03890386Z', 4, 'Almuerzo');
insert into hoja_tratamiento (dni_residente, cantmedicamento, momento) values ('27790087F', 2, 'Almuerzo');
insert into hoja_tratamiento (dni_residente, cantmedicamento, momento) values ('95183533K', 5, 'Almuerzo');
insert into hoja_tratamiento (dni_residente, cantmedicamento, momento) values ('69018134V', 3, 'Almuerzo');
insert into hoja_tratamiento (dni_residente, cantmedicamento, momento) values ('73306246K', 4, 'Almuerzo');
insert into hoja_tratamiento (dni_residente, cantmedicamento, momento) values ('77670389N', 5, 'Almuerzo');
insert into hoja_tratamiento (dni_residente, cantmedicamento, momento) values ('89516067D', 0, 'Almuerzo');
insert into hoja_tratamiento (dni_residente, cantmedicamento, momento) values ('23263239M', 3, 'Almuerzo');
insert into hoja_tratamiento (dni_residente, cantmedicamento, momento) values ('28200659U', 0, 'Almuerzo');
insert into hoja_tratamiento (dni_residente, cantmedicamento, momento) values ('05843866Y', 3, 'Almuerzo');
insert into hoja_tratamiento (dni_residente, cantmedicamento, momento) values ('89208464C', 4, 'Almuerzo');
insert into hoja_tratamiento (dni_residente, cantmedicamento, momento) values ('02566473H', 2, 'Almuerzo');
insert into hoja_tratamiento (dni_residente, cantmedicamento, momento) values ('30264227J', 2, 'Merienda');
insert into hoja_tratamiento (dni_residente, cantmedicamento, momento) values ('24495377Y', 5, 'Merienda');
insert into hoja_tratamiento (dni_residente, cantmedicamento, momento) values ('47972091R', 0, 'Merienda');
insert into hoja_tratamiento (dni_residente, cantmedicamento, momento) values ('19775410Y', 0, 'Merienda');
insert into hoja_tratamiento (dni_residente, cantmedicamento, momento) values ('86930737E', 3, 'Merienda');
insert into hoja_tratamiento (dni_residente, cantmedicamento, momento) values ('11219791H', 0, 'Merienda');
insert into hoja_tratamiento (dni_residente, cantmedicamento, momento) values ('70410442W', 1, 'Merienda');
insert into hoja_tratamiento (dni_residente, cantmedicamento, momento) values ('90751538X', 1, 'Merienda');
insert into hoja_tratamiento (dni_residente, cantmedicamento, momento) values ('54865763C', 4, 'Merienda');
insert into hoja_tratamiento (dni_residente, cantmedicamento, momento) values ('79492924W', 3, 'Merienda');
insert into hoja_tratamiento (dni_residente, cantmedicamento, momento) values ('37598391Q', 0, 'Merienda');
insert into hoja_tratamiento (dni_residente, cantmedicamento, momento) values ('08002201X', 1, 'Merienda');
insert into hoja_tratamiento (dni_residente, cantmedicamento, momento) values ('77122141T', 5, 'Merienda');
insert into hoja_tratamiento (dni_residente, cantmedicamento, momento) values ('13212433D', 3, 'Merienda');
insert into hoja_tratamiento (dni_residente, cantmedicamento, momento) values ('18107438W', 1, 'Merienda');
insert into hoja_tratamiento (dni_residente, cantmedicamento, momento) values ('40399088K', 3, 'Merienda');
insert into hoja_tratamiento (dni_residente, cantmedicamento, momento) values ('20053175U', 4, 'Merienda');
insert into hoja_tratamiento (dni_residente, cantmedicamento, momento) values ('86111663A', 5, 'Merienda');
insert into hoja_tratamiento (dni_residente, cantmedicamento, momento) values ('04748091L', 2, 'Merienda');
insert into hoja_tratamiento (dni_residente, cantmedicamento, momento) values ('86628976I', 4, 'Merienda');
insert into hoja_tratamiento (dni_residente, cantmedicamento, momento) values ('81180832N', 4, 'Merienda');
insert into hoja_tratamiento (dni_residente, cantmedicamento, momento) values ('06275035S', 0, 'Merienda');
insert into hoja_tratamiento (dni_residente, cantmedicamento, momento) values ('62057010D', 2, 'Merienda');
insert into hoja_tratamiento (dni_residente, cantmedicamento, momento) values ('38768237Z', 5, 'Merienda');
insert into hoja_tratamiento (dni_residente, cantmedicamento, momento) values ('85365974Y', 0, 'Merienda');
insert into hoja_tratamiento (dni_residente, cantmedicamento, momento) values ('76037515I', 0, 'Merienda');
insert into hoja_tratamiento (dni_residente, cantmedicamento, momento) values ('56482490U', 1, 'Merienda');
insert into hoja_tratamiento (dni_residente, cantmedicamento, momento) values ('24356685V', 0, 'Merienda');
insert into hoja_tratamiento (dni_residente, cantmedicamento, momento) values ('37308803E', 1, 'Merienda');
insert into hoja_tratamiento (dni_residente, cantmedicamento, momento) values ('98636192C', 0, 'Merienda');
insert into hoja_tratamiento (dni_residente, cantmedicamento, momento) values ('17957461A', 0, 'Merienda');
insert into hoja_tratamiento (dni_residente, cantmedicamento, momento) values ('44885359F', 3, 'Merienda');
insert into hoja_tratamiento (dni_residente, cantmedicamento, momento) values ('55003510P', 2, 'Merienda');
insert into hoja_tratamiento (dni_residente, cantmedicamento, momento) values ('03890386Z', 2, 'Merienda');
insert into hoja_tratamiento (dni_residente, cantmedicamento, momento) values ('27790087F', 3, 'Merienda');
insert into hoja_tratamiento (dni_residente, cantmedicamento, momento) values ('95183533K', 3, 'Merienda');
insert into hoja_tratamiento (dni_residente, cantmedicamento, momento) values ('69018134V', 5, 'Merienda');
insert into hoja_tratamiento (dni_residente, cantmedicamento, momento) values ('73306246K', 2, 'Merienda');
insert into hoja_tratamiento (dni_residente, cantmedicamento, momento) values ('77670389N', 0, 'Merienda');
insert into hoja_tratamiento (dni_residente, cantmedicamento, momento) values ('89516067D', 2, 'Merienda');
insert into hoja_tratamiento (dni_residente, cantmedicamento, momento) values ('23263239M', 3, 'Merienda');
insert into hoja_tratamiento (dni_residente, cantmedicamento, momento) values ('28200659U', 2, 'Merienda');
insert into hoja_tratamiento (dni_residente, cantmedicamento, momento) values ('05843866Y', 3, 'Merienda');
insert into hoja_tratamiento (dni_residente, cantmedicamento, momento) values ('89208464C', 0, 'Merienda');
insert into hoja_tratamiento (dni_residente, cantmedicamento, momento) values ('02566473H', 5, 'Merienda');
insert into hoja_tratamiento (dni_residente, cantmedicamento, momento) values ('30264227J', 2, 'Cena');
insert into hoja_tratamiento (dni_residente, cantmedicamento, momento) values ('24495377Y', 4, 'Cena');
insert into hoja_tratamiento (dni_residente, cantmedicamento, momento) values ('47972091R', 3, 'Cena');
insert into hoja_tratamiento (dni_residente, cantmedicamento, momento) values ('19775410Y', 4, 'Cena');
insert into hoja_tratamiento (dni_residente, cantmedicamento, momento) values ('86930737E', 4, 'Cena');
insert into hoja_tratamiento (dni_residente, cantmedicamento, momento) values ('11219791H', 0, 'Cena');
insert into hoja_tratamiento (dni_residente, cantmedicamento, momento) values ('70410442W', 0, 'Cena');
insert into hoja_tratamiento (dni_residente, cantmedicamento, momento) values ('90751538X', 4, 'Cena');
insert into hoja_tratamiento (dni_residente, cantmedicamento, momento) values ('54865763C', 5, 'Cena');
insert into hoja_tratamiento (dni_residente, cantmedicamento, momento) values ('79492924W', 0, 'Cena');
insert into hoja_tratamiento (dni_residente, cantmedicamento, momento) values ('37598391Q', 2, 'Cena');
insert into hoja_tratamiento (dni_residente, cantmedicamento, momento) values ('08002201X', 0, 'Cena');
insert into hoja_tratamiento (dni_residente, cantmedicamento, momento) values ('77122141T', 1, 'Cena');
insert into hoja_tratamiento (dni_residente, cantmedicamento, momento) values ('13212433D', 1, 'Cena');
insert into hoja_tratamiento (dni_residente, cantmedicamento, momento) values ('18107438W', 0, 'Cena');
insert into hoja_tratamiento (dni_residente, cantmedicamento, momento) values ('40399088K', 2, 'Cena');
insert into hoja_tratamiento (dni_residente, cantmedicamento, momento) values ('20053175U', 4, 'Cena');
insert into hoja_tratamiento (dni_residente, cantmedicamento, momento) values ('86111663A', 1, 'Cena');
insert into hoja_tratamiento (dni_residente, cantmedicamento, momento) values ('04748091L', 4, 'Cena');
insert into hoja_tratamiento (dni_residente, cantmedicamento, momento) values ('86628976I', 4, 'Cena');
insert into hoja_tratamiento (dni_residente, cantmedicamento, momento) values ('81180832N', 0, 'Cena');
insert into hoja_tratamiento (dni_residente, cantmedicamento, momento) values ('06275035S', 4, 'Cena');
insert into hoja_tratamiento (dni_residente, cantmedicamento, momento) values ('62057010D', 4, 'Cena');
insert into hoja_tratamiento (dni_residente, cantmedicamento, momento) values ('38768237Z', 5, 'Cena');
insert into hoja_tratamiento (dni_residente, cantmedicamento, momento) values ('85365974Y', 1, 'Cena');
insert into hoja_tratamiento (dni_residente, cantmedicamento, momento) values ('76037515I', 4, 'Cena');
insert into hoja_tratamiento (dni_residente, cantmedicamento, momento) values ('56482490U', 1, 'Cena');
insert into hoja_tratamiento (dni_residente, cantmedicamento, momento) values ('24356685V', 2, 'Cena');
insert into hoja_tratamiento (dni_residente, cantmedicamento, momento) values ('37308803E', 0, 'Cena');
insert into hoja_tratamiento (dni_residente, cantmedicamento, momento) values ('98636192C', 0, 'Cena');
insert into hoja_tratamiento (dni_residente, cantmedicamento, momento) values ('17957461A', 5, 'Cena');
insert into hoja_tratamiento (dni_residente, cantmedicamento, momento) values ('44885359F', 3, 'Cena');
insert into hoja_tratamiento (dni_residente, cantmedicamento, momento) values ('55003510P', 0, 'Cena');
insert into hoja_tratamiento (dni_residente, cantmedicamento, momento) values ('03890386Z', 1, 'Cena');
insert into hoja_tratamiento (dni_residente, cantmedicamento, momento) values ('27790087F', 3, 'Cena');
insert into hoja_tratamiento (dni_residente, cantmedicamento, momento) values ('95183533K', 1, 'Cena');
insert into hoja_tratamiento (dni_residente, cantmedicamento, momento) values ('69018134V', 1, 'Cena');
insert into hoja_tratamiento (dni_residente, cantmedicamento, momento) values ('73306246K', 5, 'Cena');
insert into hoja_tratamiento (dni_residente, cantmedicamento, momento) values ('77670389N', 4, 'Cena');
insert into hoja_tratamiento (dni_residente, cantmedicamento, momento) values ('89516067D', 5, 'Cena');
insert into hoja_tratamiento (dni_residente, cantmedicamento, momento) values ('23263239M', 2, 'Cena');
insert into hoja_tratamiento (dni_residente, cantmedicamento, momento) values ('28200659U', 0, 'Cena');
insert into hoja_tratamiento (dni_residente, cantmedicamento, momento) values ('05843866Y', 2, 'Cena');
insert into hoja_tratamiento (dni_residente, cantmedicamento, momento) values ('89208464C', 0, 'Cena');
insert into hoja_tratamiento (dni_residente, cantmedicamento, momento) values ('02566473H', 2, 'Cena');

insert into medicamentos (id_medicamento, nombre) values (1, 'Heparin Sodium');
insert into medicamentos (id_medicamento, nombre) values (2, 'Lorazepam');
insert into medicamentos (id_medicamento, nombre) values (3, 'SPF-40 facial moisturizer');
insert into medicamentos (id_medicamento, nombre) values (4, 'Neutrogena Naturals Acne Foaming Scrub');
insert into medicamentos (id_medicamento, nombre) values (5, 'Olanzapine');
insert into medicamentos (id_medicamento, nombre) values (6, 'White Petrolatum');
insert into medicamentos (id_medicamento, nombre) values (7, 'good neighbor pharmacy day time');
insert into medicamentos (id_medicamento, nombre) values (8, 'METFORMIN HYDROCHLORIDE');
insert into medicamentos (id_medicamento, nombre) values (9, 'Vicodin');
insert into medicamentos (id_medicamento, nombre) values (10, 'Crest');
insert into medicamentos (id_medicamento, nombre) values (11, 'IASO White Science EX Toner');
insert into medicamentos (id_medicamento, nombre) values (12, 'smart sense allergy and congestion relief');
insert into medicamentos (id_medicamento, nombre) values (13, 'Badger Unscented SPF 15 Sunscreen');
insert into medicamentos (id_medicamento, nombre) values (14, 'Hazelnut');
insert into medicamentos (id_medicamento, nombre) values (15, 'RoC Multi Correxion 5 in 1 Moisturizer');
insert into medicamentos (id_medicamento, nombre) values (16, 'HEM-EASY RELIEF Herbal Anti-Itch MAXIMUM ITCH RELIEF');
insert into medicamentos (id_medicamento, nombre) values (17, 'Rocuronium Bromide');
insert into medicamentos (id_medicamento, nombre) values (18, 'EPICOCCUM NIGRUM');
insert into medicamentos (id_medicamento, nombre) values (19, 'ALCOHOL PREP PAD - LARGE');
insert into medicamentos (id_medicamento, nombre) values (20, 'Mercurius Nasturtium Special Order');
insert into medicamentos (id_medicamento, nombre) values (21, 'Metformin Hydrochloride');
insert into medicamentos (id_medicamento, nombre) values (22, 'SABRIL');
insert into medicamentos (id_medicamento, nombre) values (23, 'CVS');
insert into medicamentos (id_medicamento, nombre) values (24, 'Sulfamylon');
insert into medicamentos (id_medicamento, nombre) values (25, 'LEVOTHYROXINE SODIUM');
insert into medicamentos (id_medicamento, nombre) values (26, 'Coast Maple');
insert into medicamentos (id_medicamento, nombre) values (27, 'Slender Ragweed');
insert into medicamentos (id_medicamento, nombre) values (28, 'Mapap');
insert into medicamentos (id_medicamento, nombre) values (29, 'Senna Plus');
insert into medicamentos (id_medicamento, nombre) values (30, 'Levofloxacin');
insert into medicamentos (id_medicamento, nombre) values (31, 'ADSOL Red Cell Preservation Solution System in Plastic Container (PL 146 Plastic)');
insert into medicamentos (id_medicamento, nombre) values (32, 'Orange Pollen');
insert into medicamentos (id_medicamento, nombre) values (33, 'Diaper Rash');
insert into medicamentos (id_medicamento, nombre) values (34, 'ACTIQ');
insert into medicamentos (id_medicamento, nombre) values (35, 'Thompson Seedless Grape');
insert into medicamentos (id_medicamento, nombre) values (36, 'Motion Sickness Relief');
insert into medicamentos (id_medicamento, nombre) values (37, 'TUSSIN COUGH');
insert into medicamentos (id_medicamento, nombre) values (38, 'Acyclovir');
insert into medicamentos (id_medicamento, nombre) values (39, 'Phosphorus 8');
insert into medicamentos (id_medicamento, nombre) values (40, 'Felodipine');
insert into medicamentos (id_medicamento, nombre) values (41, 'LAMOTRIGINE');
insert into medicamentos (id_medicamento, nombre) values (42, 'Butrans');
insert into medicamentos (id_medicamento, nombre) values (43, 'QUEEN PALM POLLEN');
insert into medicamentos (id_medicamento, nombre) values (44, 'Rasuvo');
insert into medicamentos (id_medicamento, nombre) values (45, 'SmartRx Natural Pain Relief Sleeve ELBOW');
insert into medicamentos (id_medicamento, nombre) values (46, 'PLAQUE HD ANTICAVITY FRESH MINT FLAVOR');
insert into medicamentos (id_medicamento, nombre) values (47, 'Bowel Nosode B Faecalis');
insert into medicamentos (id_medicamento, nombre) values (48, 'TRUEplus diabetics foot care');
insert into medicamentos (id_medicamento, nombre) values (49, 'Milrinone Lactate');
insert into medicamentos (id_medicamento, nombre) values (50, 'COLLAGEN HD FOUNDATION');
insert into medicamentos (id_medicamento, nombre) values (51, 'Benazepril Hydrochloride');
insert into medicamentos (id_medicamento, nombre) values (52, 'Leader Enema');
insert into medicamentos (id_medicamento, nombre) values (53, 'Phentermine Hydrochloride');
insert into medicamentos (id_medicamento, nombre) values (54, 'Fentanyl Citrate');
insert into medicamentos (id_medicamento, nombre) values (55, 'Four Season');
insert into medicamentos (id_medicamento, nombre) values (56, 'PRIMAXIN');
insert into medicamentos (id_medicamento, nombre) values (57, 'Rosmarinus Argentum');
insert into medicamentos (id_medicamento, nombre) values (58, 'Carisoprodol');
insert into medicamentos (id_medicamento, nombre) values (59, 'Oxygen');
insert into medicamentos (id_medicamento, nombre) values (60, 'Waterblock Solar');
insert into medicamentos (id_medicamento, nombre) values (61, 'Digoxin');
insert into medicamentos (id_medicamento, nombre) values (62, 'Ziprasidone');
insert into medicamentos (id_medicamento, nombre) values (63, 'Petroleum');
insert into medicamentos (id_medicamento, nombre) values (64, 'Motion sickness');
insert into medicamentos (id_medicamento, nombre) values (65, 'NasalAsalt');
insert into medicamentos (id_medicamento, nombre) values (66, 'Levitra');
insert into medicamentos (id_medicamento, nombre) values (67, 'levocetirizine dihydrochloride');
insert into medicamentos (id_medicamento, nombre) values (68, 'Propranolol Hydrochloride');
insert into medicamentos (id_medicamento, nombre) values (69, 'Dr. Reckeweg R10 Klimakteran');
insert into medicamentos (id_medicamento, nombre) values (70, 'Atorvastatin Calcium');
insert into medicamentos (id_medicamento, nombre) values (71, 'Equaline adult tussin');
insert into medicamentos (id_medicamento, nombre) values (72, 'Bupropion Hydrochloride');
insert into medicamentos (id_medicamento, nombre) values (73, 'SUGAR FREE GREEN TEA WITH ECHINACEA COUGH SUPPRESSANT THROAT DROPS');
insert into medicamentos (id_medicamento, nombre) values (74, 'Butalbital, Acetaminophen, Caffeine, and Codeine Phosphate');
insert into medicamentos (id_medicamento, nombre) values (75, 'Fludeoxyglucose F 18');
insert into medicamentos (id_medicamento, nombre) values (76, 'Chlordiazepoxide Hydrochloride');
insert into medicamentos (id_medicamento, nombre) values (77, 'Cetirizine hydrochloride');
insert into medicamentos (id_medicamento, nombre) values (78, 'Good Neighbor Pharmacy Severe Day Time');
insert into medicamentos (id_medicamento, nombre) values (79, 'HEADACHE ANXIETY');
insert into medicamentos (id_medicamento, nombre) values (80, 'PEGINTRON');
insert into medicamentos (id_medicamento, nombre) values (81, 'Hydrogen Peroxide');
insert into medicamentos (id_medicamento, nombre) values (82, 'COLGATE SENSITIVE SMARTFOAM WITH WHITENING');
insert into medicamentos (id_medicamento, nombre) values (83, 'Borofair');
insert into medicamentos (id_medicamento, nombre) values (84, 'Atenolol');
insert into medicamentos (id_medicamento, nombre) values (85, 'Anti-Diarrheal');
insert into medicamentos (id_medicamento, nombre) values (86, 'Eupatorium comp.');
insert into medicamentos (id_medicamento, nombre) values (87, 'Cimetidine');
insert into medicamentos (id_medicamento, nombre) values (88, 'Treatment Set TS350622');
insert into medicamentos (id_medicamento, nombre) values (89, 'Antifungal');
insert into medicamentos (id_medicamento, nombre) values (90, 'Type 11 Dizziness Regular');
insert into medicamentos (id_medicamento, nombre) values (91, 'Entacapone');
insert into medicamentos (id_medicamento, nombre) values (92, 'BrightSpark');
insert into medicamentos (id_medicamento, nombre) values (93, 'Echinacea Argentum');
insert into medicamentos (id_medicamento, nombre) values (94, 'Kadian');
insert into medicamentos (id_medicamento, nombre) values (95, 'Saline Laxative');
insert into medicamentos (id_medicamento, nombre) values (96, 'SENSORCAINE');
insert into medicamentos (id_medicamento, nombre) values (97, 'smart sense sinus');
insert into medicamentos (id_medicamento, nombre) values (98, 'Doxycycline Hyclate');
insert into medicamentos (id_medicamento, nombre) values (99, 'Lovastatin');
insert into medicamentos (id_medicamento, nombre) values (100, 'SERTRALINE');
insert into medicamentos (id_medicamento, nombre) values (101, 'Allopurinol');
insert into medicamentos (id_medicamento, nombre) values (102, 'SENEXON-S');
insert into medicamentos (id_medicamento, nombre) values (103, 'Lemon Verbena Antibacterial Foaming Hand Wash');
insert into medicamentos (id_medicamento, nombre) values (104, 'Clopidogrel');
insert into medicamentos (id_medicamento, nombre) values (105, 'Hair and Scalp anti-dandruff');
insert into medicamentos (id_medicamento, nombre) values (106, 'Dawnmist Moisture Barrier');
insert into medicamentos (id_medicamento, nombre) values (107, 'Sleep');
insert into medicamentos (id_medicamento, nombre) values (108, 'DAMOAE THERAPY TONIC');
insert into medicamentos (id_medicamento, nombre) values (109, 'Softlips');
insert into medicamentos (id_medicamento, nombre) values (110, 'Alprazolam');
insert into medicamentos (id_medicamento, nombre) values (111, 'Marcaine');
insert into medicamentos (id_medicamento, nombre) values (112, 'Daytime Nighttime Cold Flu Relief');
insert into medicamentos (id_medicamento, nombre) values (113, 'Treatment Set TS333312');
insert into medicamentos (id_medicamento, nombre) values (114, 'HYVEE');
insert into medicamentos (id_medicamento, nombre) values (115, 'Cyclobenzaprine Hydrochloride');
insert into medicamentos (id_medicamento, nombre) values (116, 'Ursodiol');
insert into medicamentos (id_medicamento, nombre) values (117, 'Parrot Head Dedicated to Sunshine Tan Enhancer 8');
insert into medicamentos (id_medicamento, nombre) values (118, 'NITROGEN');
insert into medicamentos (id_medicamento, nombre) values (119, 'TERUFLEX Blood Bag System with Diversion Blood Sampling Arm Anticoagulant Citrate Phosphate Dextrose (CPD) AND OPTISOL (AS-5) Red Cell Preservative');
insert into medicamentos (id_medicamento, nombre) values (120, 'The Cure Sheer Cream');
insert into medicamentos (id_medicamento, nombre) values (121, 'Green Olive');
insert into medicamentos (id_medicamento, nombre) values (122, 'Pleo San Coli');
insert into medicamentos (id_medicamento, nombre) values (123, 'Dallergy');
insert into medicamentos (id_medicamento, nombre) values (124, 'HYDROCODONE BITARTRATE AND ACETAMINOPHEN');
insert into medicamentos (id_medicamento, nombre) values (125, 'Helium-Oxygen-Nitrogen Mixture');
insert into medicamentos (id_medicamento, nombre) values (126, 'Robitussin Peak Cold Sugar-Free Cough Plus Chest Congestion DM');
insert into medicamentos (id_medicamento, nombre) values (127, 'AIR COMPRESSED');
insert into medicamentos (id_medicamento, nombre) values (128, 'Cordran');
insert into medicamentos (id_medicamento, nombre) values (129, 'MAXIMUM STRENGTH MYTAB For GAS');
insert into medicamentos (id_medicamento, nombre) values (130, 'careone severe sinus congestion and pain');
insert into medicamentos (id_medicamento, nombre) values (131, 'Ergocalciferol');
insert into medicamentos (id_medicamento, nombre) values (132, 'ESIKA HD COLOR HIGH DEFINITION COLOR SPF 20');
insert into medicamentos (id_medicamento, nombre) values (133, 'ALL PURPOSE CLEANER');
insert into medicamentos (id_medicamento, nombre) values (134, 'Lactated Ringers');
insert into medicamentos (id_medicamento, nombre) values (135, 'Risperidone');
insert into medicamentos (id_medicamento, nombre) values (136, 'Nicotine Polacrilex, Coated Mint Flavor');
insert into medicamentos (id_medicamento, nombre) values (137, 'Leg Strong Trifusion');
insert into medicamentos (id_medicamento, nombre) values (138, 'clarithromycin');
insert into medicamentos (id_medicamento, nombre) values (139, 'Nostrilla');
insert into medicamentos (id_medicamento, nombre) values (140, 'Coppertone Clearly Sheer For Beach and Pool');
insert into medicamentos (id_medicamento, nombre) values (141, 'Nizoral');
insert into medicamentos (id_medicamento, nombre) values (142, 'Oxycodone Hydrochloride');
insert into medicamentos (id_medicamento, nombre) values (143, 'Ipratropium Bromide');
insert into medicamentos (id_medicamento, nombre) values (144, 'Muscle rub');
insert into medicamentos (id_medicamento, nombre) values (145, 'Alprazolam');
insert into medicamentos (id_medicamento, nombre) values (146, 'Mupirocin');
insert into medicamentos (id_medicamento, nombre) values (147, 'AVANDIA');
insert into medicamentos (id_medicamento, nombre) values (148, 'Enalapril Maleate');
insert into medicamentos (id_medicamento, nombre) values (149, 'Glipizide');
insert into medicamentos (id_medicamento, nombre) values (150, 'Badger SPF 15 Sunscreen Lip Balm');
insert into medicamentos (id_medicamento, nombre) values (151, 'Citalopram Hydrobromide');
insert into medicamentos (id_medicamento, nombre) values (152, 'smart sense mucus er');
insert into medicamentos (id_medicamento, nombre) values (153, 'Diazepam');
insert into medicamentos (id_medicamento, nombre) values (154, 'Olanzapine');
insert into medicamentos (id_medicamento, nombre) values (155, 'Ponderosa Pine');
insert into medicamentos (id_medicamento, nombre) values (156, 'GUNA-MALE');
insert into medicamentos (id_medicamento, nombre) values (157, 'SPF 15');
insert into medicamentos (id_medicamento, nombre) values (158, 'Fluoxetine');
insert into medicamentos (id_medicamento, nombre) values (159, 'Fluconazole');
insert into medicamentos (id_medicamento, nombre) values (160, 'BLACK HEAD REMOVER');
insert into medicamentos (id_medicamento, nombre) values (161, 'Zetia');
insert into medicamentos (id_medicamento, nombre) values (162, 'Pioglitazone');
insert into medicamentos (id_medicamento, nombre) values (163, 'Antibacterial');
insert into medicamentos (id_medicamento, nombre) values (164, 'Sun Protection Emulsion Face');
insert into medicamentos (id_medicamento, nombre) values (165, 'INDOMETHACIN');
insert into medicamentos (id_medicamento, nombre) values (166, 'Jantoven');
insert into medicamentos (id_medicamento, nombre) values (167, 'Jane Seymour Natural Advantage');
insert into medicamentos (id_medicamento, nombre) values (168, 'Topotecan Hydrochloride');
insert into medicamentos (id_medicamento, nombre) values (169, 'Melaleuca Pollen');
insert into medicamentos (id_medicamento, nombre) values (170, 'ADVAIR');
insert into medicamentos (id_medicamento, nombre) values (171, 'Hydralazine Hydrochloride');
insert into medicamentos (id_medicamento, nombre) values (172, 'Neosporin Plus Pain Relief');
insert into medicamentos (id_medicamento, nombre) values (173, 'Slimming Sap Patch');
insert into medicamentos (id_medicamento, nombre) values (174, 'Cayston');
insert into medicamentos (id_medicamento, nombre) values (175, 'Wal Fex Allergy');
insert into medicamentos (id_medicamento, nombre) values (176, 'Black Walnut');
insert into medicamentos (id_medicamento, nombre) values (177, 'LAMB');
insert into medicamentos (id_medicamento, nombre) values (178, 'Pancuronium Bromide');
insert into medicamentos (id_medicamento, nombre) values (179, 'FENOFIBRATE');
insert into medicamentos (id_medicamento, nombre) values (180, 'METFORMIN HYDROCHLORIDE');
insert into medicamentos (id_medicamento, nombre) values (181, 'PNV-Select');
insert into medicamentos (id_medicamento, nombre) values (182, 'MEDIQUE Back Pain Off');
insert into medicamentos (id_medicamento, nombre) values (183, 'Perfectionism');
insert into medicamentos (id_medicamento, nombre) values (184, 'Sunmark Pain Reliever');
insert into medicamentos (id_medicamento, nombre) values (185, 'Differin');
insert into medicamentos (id_medicamento, nombre) values (186, 'ZESTRIL');
insert into medicamentos (id_medicamento, nombre) values (187, 'NIFEDIPINE');
insert into medicamentos (id_medicamento, nombre) values (188, 'Heartburn Relief');
insert into medicamentos (id_medicamento, nombre) values (189, 'Dextroamphetamine Saccharate, Amphetamine Aspartate Monohydrate, Dextroamphetamine Sulfate and Amphetamine Sulfate');
insert into medicamentos (id_medicamento, nombre) values (190, 'Good Neighbor Pharmacy Vitamin A and D');
insert into medicamentos (id_medicamento, nombre) values (191, 'Tretinoin');
insert into medicamentos (id_medicamento, nombre) values (192, 'Conchae Argentum');
insert into medicamentos (id_medicamento, nombre) values (193, 'Warfarin Sodium');
insert into medicamentos (id_medicamento, nombre) values (194, 'HCG Cord');
insert into medicamentos (id_medicamento, nombre) values (195, 'Walgreens Sunscreen');
insert into medicamentos (id_medicamento, nombre) values (196, 'Prednisone');
insert into medicamentos (id_medicamento, nombre) values (197, 'Curvularia');
insert into medicamentos (id_medicamento, nombre) values (198, 'lamotrigine');
insert into medicamentos (id_medicamento, nombre) values (199, 'Acid Reducer');
insert into medicamentos (id_medicamento, nombre) values (200, 'Carbidopa and Levodopa');
insert into medicamentos (id_medicamento, nombre) values (201, 'good sense stool softener');
insert into medicamentos (id_medicamento, nombre) values (202, 'Food - Fish and Shellfish, Lobster Homarus americanus');
insert into medicamentos (id_medicamento, nombre) values (203, 'Carrot');
insert into medicamentos (id_medicamento, nombre) values (204, 'O2 Bubble Pack Wash');
insert into medicamentos (id_medicamento, nombre) values (205, 'PREMIER VALUE DIAPER RASH');
insert into medicamentos (id_medicamento, nombre) values (206, 'Lemon Verbena Hand Sanitizer');
insert into medicamentos (id_medicamento, nombre) values (207, 'Bupropion Hydrochloride');
insert into medicamentos (id_medicamento, nombre) values (208, '2 in 1');
insert into medicamentos (id_medicamento, nombre) values (209, 'Neutrogena Beach Defense Water Plus Sun Barrier');
insert into medicamentos (id_medicamento, nombre) values (210, 'VerruStat Medicated Plantar Pads');
insert into medicamentos (id_medicamento, nombre) values (211, 'Clobetasol Propionate');
insert into medicamentos (id_medicamento, nombre) values (212, 'DIPHENDYDRAMINE HYDROCHLORIDE');
insert into medicamentos (id_medicamento, nombre) values (213, 'Gemcitabine Hydrochloride');
insert into medicamentos (id_medicamento, nombre) values (214, 'Telmisartan and Hydrochlorothiazide');
insert into medicamentos (id_medicamento, nombre) values (215, 'miconazole 3');
insert into medicamentos (id_medicamento, nombre) values (216, 'care one ibuprofen');
insert into medicamentos (id_medicamento, nombre) values (217, 'Otis Clapp Mygrex');
insert into medicamentos (id_medicamento, nombre) values (218, 'Cefadroxil');
insert into medicamentos (id_medicamento, nombre) values (219, 'Western Ragweed');
insert into medicamentos (id_medicamento, nombre) values (220, 'Good Neighbor Pharmacy allergy');
insert into medicamentos (id_medicamento, nombre) values (221, 'Nu Skin');
insert into medicamentos (id_medicamento, nombre) values (222, 'Non Drowsy Cold and Cough PE');
insert into medicamentos (id_medicamento, nombre) values (223, 'Old Spice Sweat Defense');
insert into medicamentos (id_medicamento, nombre) values (224, 'Lithium Carbonate');
insert into medicamentos (id_medicamento, nombre) values (225, 'Heart Regularity');
insert into medicamentos (id_medicamento, nombre) values (226, 'Sunscreen Sport');
insert into medicamentos (id_medicamento, nombre) values (227, 'Mepivacaine');
insert into medicamentos (id_medicamento, nombre) values (228, 'Good Sense Pain Relief');
insert into medicamentos (id_medicamento, nombre) values (229, 'sumatriptan succinate');
insert into medicamentos (id_medicamento, nombre) values (230, 'Ciprofloxacin');
insert into medicamentos (id_medicamento, nombre) values (231, 'PEACH');
insert into medicamentos (id_medicamento, nombre) values (232, 'Metoclopramide Hydrochloride');
insert into medicamentos (id_medicamento, nombre) values (233, 'Echinacea Apis Child Size');
insert into medicamentos (id_medicamento, nombre) values (234, 'Gentamicin Sulfate in Sodium Chloride');
insert into medicamentos (id_medicamento, nombre) values (235, 'Air Pollution Detox');
insert into medicamentos (id_medicamento, nombre) values (236, 'Oxytocin');
insert into medicamentos (id_medicamento, nombre) values (237, 'Womens Laxative');
insert into medicamentos (id_medicamento, nombre) values (238, 'Hydrocodone Bitartate and Acetaminophen');
insert into medicamentos (id_medicamento, nombre) values (239, 'Anti-Bacterial Hand');
insert into medicamentos (id_medicamento, nombre) values (240, 'Full Care Alcohol Prep Pad');
insert into medicamentos (id_medicamento, nombre) values (241, 'Mucinex D');
insert into medicamentos (id_medicamento, nombre) values (242, 'Birch');
insert into medicamentos (id_medicamento, nombre) values (243, 'Verapamil Hydrochloride');
insert into medicamentos (id_medicamento, nombre) values (244, 'Horse Epithelia');
insert into medicamentos (id_medicamento, nombre) values (245, 'Metformin Hydrochloride');
insert into medicamentos (id_medicamento, nombre) values (246, 'TOLMETIN SODIUM');
insert into medicamentos (id_medicamento, nombre) values (247, 'TAKE CONTROL CALMING');
insert into medicamentos (id_medicamento, nombre) values (248, 'Walgreens 7-in-1 Anti-Aging Vitamin Complex Broad Spectrum SPF 15 Sunscreen');
insert into medicamentos (id_medicamento, nombre) values (249, 'Folic Acid');
insert into medicamentos (id_medicamento, nombre) values (250, 'diltiazem hydrochloride');
insert into medicamentos (id_medicamento, nombre) values (251, 'Hair Regrowth Treatment for Men');
insert into medicamentos (id_medicamento, nombre) values (252, 'Radiogardase');
insert into medicamentos (id_medicamento, nombre) values (253, 'Aspirin');
insert into medicamentos (id_medicamento, nombre) values (254, 'HZ');
insert into medicamentos (id_medicamento, nombre) values (255, 'DIPYRIDAMOLE');
insert into medicamentos (id_medicamento, nombre) values (256, 'ACNE SPOT CORRECTOR');
insert into medicamentos (id_medicamento, nombre) values (257, 'The21 DAYs HAIR NUTRIENT SERUM');
insert into medicamentos (id_medicamento, nombre) values (258, 'Colgate');
insert into medicamentos (id_medicamento, nombre) values (259, 'B Mold Mixture');
insert into medicamentos (id_medicamento, nombre) values (260, 'ORPHENADRINE CITRATE');
insert into medicamentos (id_medicamento, nombre) values (261, 'Instant Hand Sanitizer Fresh Lemon Scented');
insert into medicamentos (id_medicamento, nombre) values (262, 'Tranexamic Acid');
insert into medicamentos (id_medicamento, nombre) values (263, 'Prednisone');
insert into medicamentos (id_medicamento, nombre) values (264, 'LBEL LEDERM 45plus Jour');
insert into medicamentos (id_medicamento, nombre) values (265, 'Bisacodyl');
insert into medicamentos (id_medicamento, nombre) values (266, 'OXACILLIN');
insert into medicamentos (id_medicamento, nombre) values (267, 'Diovan HCT');
insert into medicamentos (id_medicamento, nombre) values (268, 'De La Cruz Mercurochrome');
insert into medicamentos (id_medicamento, nombre) values (269, 'SWEATBLOCK');
insert into medicamentos (id_medicamento, nombre) values (270, 'Oxaprozin');
insert into medicamentos (id_medicamento, nombre) values (271, 'procure');
insert into medicamentos (id_medicamento, nombre) values (272, 'Peptic Relief');
insert into medicamentos (id_medicamento, nombre) values (273, 'Drainage-Tone');
insert into medicamentos (id_medicamento, nombre) values (274, 'Miconazole 7');
insert into medicamentos (id_medicamento, nombre) values (275, 'Tussin DM');
insert into medicamentos (id_medicamento, nombre) values (276, 'hand');
insert into medicamentos (id_medicamento, nombre) values (277, 'MediChoice Antiseptic Isopropyl Alcohol Prep Pads');
insert into medicamentos (id_medicamento, nombre) values (278, 'Loxapine');
insert into medicamentos (id_medicamento, nombre) values (279, 'ROPINIROLE HYDROCHLORIDE');
insert into medicamentos (id_medicamento, nombre) values (280, 'Moisturizer SPF15');
insert into medicamentos (id_medicamento, nombre) values (281, 'Sabadilla Eucalyptus Cold and Flu Relief');
insert into medicamentos (id_medicamento, nombre) values (282, 'JUVISYNC');
insert into medicamentos (id_medicamento, nombre) values (283, 'hemorrhoidal');
insert into medicamentos (id_medicamento, nombre) values (284, 'FERROUS SULFATE');
insert into medicamentos (id_medicamento, nombre) values (285, 'CLOSE UP');
insert into medicamentos (id_medicamento, nombre) values (286, 'rx act cough and sore throat');
insert into medicamentos (id_medicamento, nombre) values (287, 'MATTE MOISTURE TINT SUNSCREEN BROAD SPECTRUM SPF 15');
insert into medicamentos (id_medicamento, nombre) values (288, 'Purminerals 4-in-1 Mineral Tinted Moisturizer Broad Spectrum SPF 20 (MEDIUM)');
insert into medicamentos (id_medicamento, nombre) values (289, 'Otrexup');
insert into medicamentos (id_medicamento, nombre) values (290, 'Meloxicam');
insert into medicamentos (id_medicamento, nombre) values (291, 'Metoprolol Tartrate');
insert into medicamentos (id_medicamento, nombre) values (292, 'Paclitaxel');
insert into medicamentos (id_medicamento, nombre) values (293, 'Rite Aid RENEWAL kids');
insert into medicamentos (id_medicamento, nombre) values (294, 'Instant Hand Sanitizer With Aloe and Vitamin E');
insert into medicamentos (id_medicamento, nombre) values (295, 'CLIV Ginseng Berry Premium Ampoule');
insert into medicamentos (id_medicamento, nombre) values (296, 'Orange Clove Antibacterial Foaming Hand Wash');
insert into medicamentos (id_medicamento, nombre) values (297, 'PAROXETINE');
insert into medicamentos (id_medicamento, nombre) values (298, 'SKIN STRONG - SKIN EQUIPMENT');
insert into medicamentos (id_medicamento, nombre) values (299, 'leader miconazole 1');
insert into medicamentos (id_medicamento, nombre) values (300, 'aller ease');

INSERT INTO familiares (dni, nombre, apellidos, relacion, telefono, dni_residente) VALUES
('74900207C', 'BENJAMIN', 'BRAVO GALLARDO' ,'hermano/a' ,'642918082' ,'30264227J'),
('85353954N', 'ISRAEL', 'RUBIO NAVARRO' ,'hermano/a' ,'685305697' ,'24495377Y'),
('07932086K', 'IBRAHIM', 'GUERRERO PASCUAL' ,'nuero/a' ,'621458828' ,'47972091R'),
('83822722B', 'JOSE LUIS', 'CASTILLO FERRER' ,'sobrino/a' ,'618081222' ,'19775410Y'),
('10389013I', 'BIEL', 'ORTIZ MORALES' ,'primo/a' ,'684246465' ,'86930737E'),
('28839771C', 'FRANCISCO MANUEL', 'LOZANO CARMONA' ,'primo/a' ,'626378984' ,'11219791H'),
('14181138Y', 'HECTOR', 'GIL HERRERO' ,'sobrino/a' ,'666979035' ,'70410442W'),
('51859603G', 'CELESTINO', 'SAEZ GOMEZ' ,'hermano/a' ,'694869796' ,'90751538X'),
('23945899S', 'RAYAN', 'NUÑEZ IGLESIAS' ,'nieto/a' ,'677986935' ,'54865763C'),
('62725560B', 'DARIO', 'CRESPO CARRASCO' ,'hijo/a' ,'669785046' ,'79492924W'),
('75616205F', 'JACINTO', 'ESTEBAN ESTEBAN' ,'primo/a' ,'616354763' ,'37598391Q'),
('97183944B', 'BENJAMIN', 'DIEZ MOYA' ,'nieto/a' ,'646423109' ,'08002201X'),
('39106423D', 'FELICIANO', 'SOTO PARRA' ,'hijo/a' ,'631315056' ,'77122141T'),
('09432389V', 'GERMAN', 'CRUZ BRAVO' ,'nuero/a' ,'695787227' ,'13212433D'),
('40414900Z', 'LUIS ANTONIO', 'ROMAN DURA' ,'primo/a' ,'625100270' ,'18107438W'),
('37177806L', 'FRANCISCO MIGUEL', 'CAMPOS MOYA' ,'hermano/a' ,'629261045' ,'40399088K'),
('02413608V', 'CLEMENTE', 'MORA ROMAN' ,'primo/a' ,'627272606' ,'20053175U'),
('12473528W', 'EMILIO JOSE', 'AGUILAR ROMAN' ,'sobrino/a' ,'652160128' ,'86111663A'),
('41076593L', 'ISIDORO', 'PRIETO CARRASCO' ,'hermano/a' ,'666813506' ,'04748091L'),
('34576533W', 'ADAM', 'LORENZO MORA' ,'hijo/a' ,'676714100' ,'86628976I'),
('87861043J', 'ROGELIO', 'GIMENEZ MOY' ,'sobrino/a' ,'667103229' ,'81180832N'),
('15787945F', 'CARLOS', 'DURAN CAMPOS' ,'nuero/a' ,'684562981' ,'06275035S'),
('12763860B', 'FIDEL', 'VEGA GIL' ,'nieto/a' ,'655927418' ,'62057010D'),
('08564943T', 'JUSTO', 'PASTOR GALLARDO' ,'hijo/a' ,'617099266' ,'38768237Z'),
('77016091P', 'GINES', 'PARRA VARGAS' ,'primo/a' ,'610439117' ,'85365974Y'),
('20435288L', 'DIDAC', 'PEÑA GALLEGO' ,'nuero/a' ,'615881483' ,'76037515I'),
('47781485F', 'JUAN DIEGO', 'GALLARDO BRAVO' ,'hijo/a' ,'624901064' ,'56482490U'),
('00905929C', 'DANIEL', 'GALLARDO CASTILLO' ,'sobrino/a' ,'623463920' ,'24356685V'),
('10847342Q', 'GUILLERMO', 'CRUZ BRAVO' ,'hermano/a' ,'614949654' ,'37308803E'),
('90597725C', 'JOSUE', 'SOLER SOLER' ,'nieto/a' ,'688212028' ,'98636192C'),
('83867077N', 'ABRAHAM', 'SAEZ SAEZ' ,'hijo/a' ,'628112363' ,'17957461A'),
('16340078W', 'ADAN', 'PARRA VARGAS' ,'hijo/a' ,'630597070' ,'44885359F'),
('83164896U', 'OMAR', 'MOLINA RAMOS' ,'hijo/a' ,'625552731' ,'55003510P'),
('48822976P', 'ANTONIO', 'LORENZO MORA' ,'hijo/a' ,'659307480' ,'03890386Z'),
('60244007F', 'FRANCESC XAVIER', 'SOLER SOLER' ,'nieto/a' ,'689642980' ,'27790087F'),
('72093672O', 'OIER', 'RUBIO NAVARRO' ,'hermano/a' ,'692677154' ,'95183533K'),
('74158085V', 'RAMON', 'SUAREZ ARIAS' ,'nuero/a' ,'647041691' ,'69018134V'),
('93891620I', 'ANTONIO', 'CAMPOS DIEZ' ,'primo/a' ,'649810221' ,'73306246K'),
('39765467S', 'JACOBO', 'GARCIA JIMENEZ' ,'hijo/a' ,'662322743' ,'77670389N'),
('69335964N', 'ALFREDO', 'FERRER SANTANA' ,'sobrino/a' ,'656306229' ,'89516067D'),
('10348845P', 'LUCAS', 'MOYA PARRA' ,'hijo/a' ,'698356354' ,'23263239M'),
('81730363C', 'ARITZ', 'GALLARDO CASTILLO' ,'sobrino/a' ,'684412914' ,'28200659U'),
('49462976P', 'LUCA', 'PEÑA NUÑEZ' ,'nieto/a' ,'669796303' ,'05843866Y'),
('87964244K', 'DANIEL', 'SAEZ GALLARDO' ,'hermano/a' ,'641477480' ,'89208464C'),
('34235720I', 'OLIVER', 'PASTOR GALLARDO' ,'nieto/a' ,'611297739' ,'02566473H'),
('29739235S', 'JULIO', 'BRAVO GALLARDO' ,'hijo/a' ,'615655766' ,'30264227J'),
('35366663M', 'JOSU', 'RUBIO NAVARRO' ,'nieto/a' ,'657140380' ,'24495377Y'),
('32715147I', 'JUSTO', 'GUERRERO PASCUAL' ,'primo/a' ,'610953062' ,'47972091R'),
('12513489W', 'GUILLEM', 'CASTILLO FERRER' ,'hermano/a' ,'654798020' ,'19775410Y'),
('08835563Q', 'PAULINO', 'ORTIZ MORALES' ,'hermano/a' ,'640839243' ,'86930737E'),
('38173758W', 'ILDEFONSO', 'LOZANO CARMONA' ,'hijo/a' ,'668950488' ,'11219791H'),
('45669088P', 'ISRAEL', 'GIL HERRERO' ,'hijo/a' ,'627647511' ,'70410442W'),
('20249673A', 'PEDRO', 'SAEZ GOMEZ' ,'hijo/a' ,'617027223' ,'90751538X'),
('71519874I', 'ISAAC', 'NUÑEZ IGLESIAS' ,'sobrino/a' ,'640995333' ,'54865763C'),
('85129167T', 'ANTONIO MANUEL', 'CRESPO CARRASCO' ,'nuero/a' ,'653238844' ,'79492924W'),
('52677377H', 'AARON', 'ESTEBAN ESTEBAN' ,'nieto/a' ,'648469585' ,'37598391Q'),
('64467344T', 'SEGUNDO', 'DIEZ MOYA' ,'nieto/a' ,'645760474' ,'08002201X'),
('51458200F', 'LUIS MARIA', 'SOTO PARRA' ,'nieto/a' ,'633319264' ,'77122141T'),
('11511208D', 'YERAY', 'CRUZ BRAVO' ,'sobrino/a' ,'658115880' ,'13212433D'),
('07474358M', 'ANGEL MARIA', 'ROMAN DURA' ,'nieto/a' ,'623341477' ,'18107438W'),
('32962060S', 'FRANCISCO MIGUEL', 'CAMPOS MOYA' ,'nieto/a' ,'645493559' ,'40399088K'),
('58680373N', 'ANGEL LUIS', 'MORA ROMAN' ,'hijo/a' ,'690124694' ,'20053175U'),
('26129697V', 'JAN', 'AGUILAR ROMAN' ,'nuero/a' ,'646338449' ,'86111663A'),
('48951424P', 'EDUARD', 'PRIETO CARRASCO' ,'primo/a' ,'643080715' ,'04748091L'),
('90750128T', 'TEODORO', 'LORENZO MORA' ,'hijo/a' ,'600932137' ,'86628976I'),
('90014786X', 'ABRAHAM', 'GIMENEZ MOY' ,'hijo/a' ,'663365968' ,'81180832N'),
('44543465K', 'FIDEL', 'DURAN CAMPOS' ,'hijo/a' ,'634388418' ,'06275035S'),
('17097648P', 'ADOLFO', 'VEGA GIL' ,'nuero/a' ,'629615570' ,'62057010D'),
('73378404O', 'JOSE FRANCISCO', 'PASTOR GALLARDO' ,'hijo/a' ,'631128129' ,'38768237Z'),
('47104883P', 'ANTONIO LUIS', 'PARRA VARGAS' ,'nieto/a' ,'600468322' ,'85365974Y'),
('04386248A', 'HILARIO', 'PEÑA GALLEGO' ,'sobrino/a' ,'674111670' ,'76037515I'),
('66181018O', 'IBRAHIM', 'GALLARDO BRAVO' ,'nuero/a' ,'611817980' ,'56482490U'),
('98589528K', 'CARLOS', 'GALLARDO CASTILLO' ,'sobrino/a' ,'644814251' ,'24356685V'),
('19452676R', 'JUAN DAVID', 'CRUZ BRAVO' ,'hijo/a' ,'614035307' ,'37308803E'),
('10612635J', 'JULIAN', 'SOLER SOLER' ,'sobrino/a' ,'687118435' ,'98636192C'),
('04764161O', 'ENRIQUE', 'SAEZ SAEZ' ,'sobrino/a' ,'691901958' ,'17957461A'),
('97180390B', 'PEDRO PABLO', 'PARRA VARGAS' ,'hijo/a' ,'693412413' ,'44885359F'),
('77715571I', 'ABDELLAH', 'MOLINA RAMOS' ,'hermano/a' ,'654946927' ,'55003510P'),
('85233091I', 'ANTONIO LUIS', 'LORENZO MORA' ,'nuero/a' ,'661667891' ,'03890386Z'),
('85865509L', 'JUAN PEDRO', 'SOLER SOLER' ,'hermano/a' ,'626027823' ,'27790087F'),
('37422889C', 'HAMID', 'RUBIO NAVARRO' ,'hijo/a' ,'660633045' ,'95183533K'),
('19853494X', 'EZEQUIEL', 'SUAREZ ARIAS' ,'nuero/a' ,'629393486' ,'69018134V'),
('49942071J', 'LUCA', 'CAMPOS DIEZ' ,'nieto/a' ,'654640404' ,'73306246K'),
('39455145B', 'CARLOS JAVIER', 'GARCIA JIMENEZ' ,'nuero/a' ,'683242241' ,'77670389N'),
('08442195R', 'ALVARO', 'FERRER SANTANA' ,'hermano/a' ,'631355267' ,'89516067D'),
('49981501W', 'ANDER', 'MOYA PARRA' ,'nuero/a' ,'608713473' ,'23263239M'),
('09398830J', 'JOAN', 'GALLARDO CASTILLO' ,'hermano/a' ,'632347738' ,'28200659U'),
('83556889D', 'EVARISTO', 'PEÑA NUÑEZ' ,'nuero/a' ,'675156759' ,'05843866Y'),
('60460984N', 'ARTURO', 'SAEZ GALLARDO' ,'hermano/a' ,'659537016' ,'89208464C'),
('22035704Z', 'JOSE ANGEL', 'PASTOR GALLARDO' ,'hermano/a' ,'602411182' ,'02566473H'),
('96197277K', 'CELESTINO', 'BRAVO GALLARDO' ,'hermano/a' ,'632718473' ,'30264227J'),
('69747553F', 'RUBEN', 'RUBIO NAVARRO' ,'nuero/a' ,'604531005' ,'24495377Y'),
('41183555V', 'JORGE LUIS', 'GUERRERO PASCUAL' ,'sobrino/a' ,'657929806' ,'47972091R'),
('91932246M', 'CLAUDIO', 'CASTILLO FERRER' ,'primo/a' ,'687542900' ,'19775410Y'),
('15003716U', 'NESTOR', 'ORTIZ MORALES' ,'sobrino/a' ,'622980386' ,'86930737E'),
('48857815U', 'RAIMUNDO', 'LOZANO CARMONA' ,'nieto/a' ,'632106723' ,'11219791H'),
('52807312S', 'LUCA', 'GIL HERRERO' ,'primo/a' ,'629055267' ,'70410442W'),
('64304136M', 'FAUSTINO', 'SAEZ GOMEZ' ,'nieto/a' ,'634848742' ,'90751538X'),
('97040799J', 'ALVARO', 'NUÑEZ IGLESIAS' ,'nieto/a' ,'627487717' ,'54865763C'),
('80450359A', 'LUIS ANGEL', 'CRESPO CARRASCO' ,'hijo/a' ,'665635902' ,'79492924W'),
('71759988T', 'EZEQUIEL', 'ESTEBAN ESTEBAN' ,'primo/a' ,'633700191' ,'37598391Q'),
('57115793F', 'JOSE ALBERTO', 'DIEZ MOYA' ,'nuero/a' ,'667658136' ,'08002201X'),
('02986433V', 'FRANCISCO JOSE', 'SOTO PARRA' ,'hijo/a' ,'644268676' ,'77122141T'),
('78060614D', 'MARCEL', 'CRUZ BRAVO' ,'nieto/a' ,'653435671' ,'13212433D'),
('07024478Z', 'CAMILO', 'ROMAN DURA' ,'nuero/a' ,'671533284' ,'18107438W'),
('46482388O', 'RODRIGO', 'CAMPOS MOYA' ,'sobrino/a' ,'652828560' ,'40399088K'),
('49784098N', 'IMANOL', 'MORA ROMAN' ,'sobrino/a' ,'657869339' ,'20053175U'),
('55390087T', 'ALAN', 'AGUILAR ROMAN' ,'primo/a' ,'605093821' ,'86111663A'),
('21650526R', 'PEDRO MARIA', 'PRIETO CARRASCO' ,'hijo/a' ,'633612664' ,'04748091L'),
('77379043K', 'MANUEL ALEJANDRO', 'LORENZO MORA' ,'hermano/a' ,'683685234' ,'86628976I'),
('17658099T', 'IBRAHIM', 'GIMENEZ MOY' ,'nieto/a' ,'635106425' ,'81180832N'),
('46989276F', 'PEDRO JAVIER', 'DURAN CAMPOS' ,'primo/a' ,'670734120' ,'06275035S'),
('23589070M', 'DARIO', 'VEGA GIL' ,'hermano/a' ,'683104554' ,'62057010D'),
('06873779X', 'JOSE ENRIQUE', 'PASTOR GALLARDO' ,'primo/a' ,'699087471' ,'38768237Z'),
('44908054L', 'JUAN ANGEL', 'PARRA VARGAS' ,'sobrino/a' ,'639719044' ,'85365974Y'),
('82582994O', 'ARTURO', 'PEÑA GALLEGO' ,'hijo/a' ,'602523917' ,'76037515I'),
('25849415D', 'ALFREDO', 'GALLARDO BRAVO' ,'hermano/a' ,'601559718' ,'56482490U'),
('19394620O', 'JOSE FRANCISCO', 'GALLARDO CASTILLO' ,'hijo/a' ,'678981866' ,'24356685V'),
('20346223G', 'JUAN VICENTE', 'CRUZ BRAVO' ,'nieto/a' ,'679861369' ,'37308803E'),
('57500360O', 'ENEKO', 'SOLER SOLER' ,'nieto/a' ,'641731405' ,'98636192C'),
('32375691A', 'ADAM', 'SAEZ SAEZ' ,'nieto/a' ,'630679654' ,'17957461A'),
('88667236Z', 'PATRICIO', 'PARRA VARGAS' ,'primo/a' ,'601944668' ,'44885359F'),
('21503404J', 'ARITZ', 'MOLINA RAMOS' ,'nuero/a' ,'618897728' ,'55003510P'),
('67069073A', 'ADAM', 'LORENZO MORA' ,'primo/a' ,'694779396' ,'03890386Z'),
('59304959L', 'FELIPE', 'SOLER SOLER' ,'sobrino/a' ,'675871815' ,'27790087F'),
('32147592B', 'EDUARDO', 'RUBIO NAVARRO' ,'sobrino/a' ,'664689830' ,'95183533K'),
('47034188A', 'ANDER', 'SUAREZ ARIAS' ,'hijo/a' ,'621183302' ,'69018134V'),
('15710715C', 'MIGUEL', 'CAMPOS DIEZ' ,'primo/a' ,'632591443' ,'73306246K'),
('54324163N', 'JUAN ANDRES', 'GARCIA JIMENEZ' ,'hermano/a' ,'613837102' ,'77670389N'),
('04440212C', 'JUSTO', 'FERRER SANTANA' ,'hermano/a' ,'608509532' ,'89516067D'),
('74489396T', 'BRAIS', 'MOYA PARRA' ,'nuero/a' ,'654291507' ,'23263239M'),
('04102303N', 'ANTONIO LUIS', 'GALLARDO CASTILLO' ,'hermano/a' ,'648573711' ,'28200659U'),
('88592811K', 'VASILE', 'PEÑA NUÑEZ' ,'nuero/a' ,'675760411' ,'05843866Y'),
('94295047J', 'ENZO', 'SAEZ GALLARDO' ,'hermano/a' ,'699659745' ,'89208464C'),
('79219668C', 'ANTONIO MANUEL', 'PASTOR GALLARDO' ,'sobrino/a' ,'636467715' ,'02566473H'),
('57115187O', 'YOUSSEF', 'BRAVO GALLARDO' ,'sobrino/a' ,'679411606' ,'30264227J'),
('89127273Q', 'PABLO', 'RUBIO NAVARRO' ,'primo/a' ,'624195313' ,'24495377Y'),
('44739541W', 'FELICIANO', 'GUERRERO PASCUAL' ,'primo/a' ,'616192926' ,'47972091R'),
('44586839W', 'ALEJANDRO', 'CASTILLO FERRER' ,'hijo/a' ,'625770052' ,'19775410Y'),
('83171173N', 'BRIAN', 'ORTIZ MORALES' ,'hermano/a' ,'613135175' ,'86930737E'),
('43523715C', 'JAUME', 'LOZANO CARMONA' ,'sobrino/a' ,'636598129' ,'11219791H'),
('67710933V', 'BIEL', 'GIL HERRERO' ,'hijo/a' ,'694340048' ,'70410442W'),
('32390620B', 'JUAN DIEGO', 'SAEZ GOMEZ' ,'nuero/a' ,'624193927' ,'90751538X'),
('05166903W', 'MOHAMMED', 'NUÑEZ IGLESIAS' ,'nuero/a' ,'661048419' ,'54865763C'),
('09966884Y', 'GUSTAVO', 'CRESPO CARRASCO' ,'primo/a' ,'673338362' ,'79492924W'),
('83403579R', 'PEDRO JESUS', 'ESTEBAN ESTEBAN' ,'nuero/a' ,'624195357' ,'37598391Q'),
('92489385G', 'ALEX', 'DIEZ MOYA' ,'hijo/a' ,'605293668' ,'08002201X'),
('19948360Z', 'BERNARDO', 'SOTO PARRA' ,'hijo/a' ,'603996323' ,'77122141T'),
('84368157H', 'ANGEL MARIA', 'CRUZ BRAVO' ,'nieto/a' ,'681568085' ,'13212433D'),
('74354791B', 'CARLOTA', 'ROMAN DURA' ,'nieto/a' ,'669924589' ,'18107438W'),
('49301661D', 'MIA', 'CAMPOS MOYA' ,'nuero/a' ,'638930666' ,'40399088K'),
('13936224A', 'ADELA', 'MORA ROMAN' ,'sobrino/a' ,'642631923' ,'20053175U'),
('22343720T', 'ZOE', 'AGUILAR ROMAN' ,'primo/a' ,'650097615' ,'86111663A'),
('46200957U', 'LINA', 'PRIETO CARRASCO' ,'nuero/a' ,'671102372' ,'04748091L'),
('05413326Q', 'CANDIDA', 'LORENZO MORA' ,'nuero/a' ,'695068036' ,'86628976I'),
('94071656C', 'GEMMA', 'GIMENEZ MOY' ,'primo/a' ,'685124340' ,'81180832N'),
('44288618I', 'MARGARITA', 'DURAN CAMPOS' ,'sobrino/a' ,'654465237' ,'06275035S'),
('95561622E', 'MARGARITA', 'VEGA GIL' ,'hijo/a' ,'668871229' ,'62057010D'),
('55660191G', 'VERONICA', 'PASTOR GALLARDO' ,'hermano/a' ,'654986617' ,'38768237Z'),
('96558052N', 'ROSALIA', 'PARRA VARGAS' ,'hermano/a' ,'690353184' ,'85365974Y'),
('68950387U', 'MARIA ANTONIA', 'PEÑA GALLEGO' ,'hermano/a' ,'699233497' ,'76037515I'),
('28393952U', 'INMACULADA CONCEPCION', 'GALLARDO BRAVO' ,'primo/a' ,'668539694' ,'56482490U'),
('76273386W', 'MARIA VICTORIA', 'GALLARDO CASTILLO' ,'nieto/a' ,'624798937' ,'24356685V'),
('52026107O', 'CRISTINA', 'CRUZ BRAVO' ,'sobrino/a' ,'656294972' ,'37308803E'),
('68598967I', 'MARIA VALLE', 'SOLER SOLER' ,'hermano/a' ,'605682766' ,'98636192C'),
('15964983A', 'VICTORIA', 'SAEZ SAEZ' ,'primo/a' ,'642048169' ,'17957461A'),
('74645379X', 'FLORENTINA', 'PARRA VARGAS' ,'hermano/a' ,'646313216' ,'44885359F'),
('14445087H', 'VISITACION', 'MOLINA RAMOS' ,'sobrino/a' ,'626542980' ,'55003510P'),
('50282194O', 'NORA', 'LORENZO MORA' ,'sobrino/a' ,'616615956' ,'03890386Z'),
('89055188D', 'YOLANDA', 'SOLER SOLER' ,'primo/a' ,'667022838' ,'27790087F'),
('66746137A', 'EVA MARIA', 'RUBIO NAVARRO' ,'primo/a' ,'608697292' ,'95183533K'),
('38231274X', 'AURORA', 'SUAREZ ARIAS' ,'primo/a' ,'632719204' ,'69018134V'),
('89647909T', 'TERESA', 'CAMPOS DIEZ' ,'hermano/a' ,'600886479' ,'73306246K'),
('50792617E', 'MARIA SOL', 'GARCIA JIMENEZ' ,'nuero/a' ,'625593127' ,'77670389N'),
('08346101N', 'MERCEDES', 'FERRER SANTANA' ,'hijo/a' ,'673587652' ,'89516067D'),
('43453975P', 'MARIA JOSE', 'MOYA PARRA' ,'hijo/a' ,'615257637' ,'23263239M'),
('47668872G', 'EUGENIA', 'GALLARDO CASTILLO' ,'nieto/a' ,'600240363' ,'28200659U'),
('27130282Q', 'MAITE', 'PEÑA NUÑEZ' ,'sobrino/a' ,'657374126' ,'05843866Y'),
('85478710Z', 'ASCENSION', 'SAEZ GALLARDO' ,'sobrino/a' ,'676878080' ,'89208464C'),
('43570367F', 'MARIA FERNANDA', 'PASTOR GALLARDO' ,'sobrino/a' ,'652290191' ,'02566473H'),
('86488833K', 'JIMENA', 'BRAVO GALLARDO' ,'primo/a' ,'625664452' ,'30264227J'),
('81638098X', 'MARIA MONTSERRAT', 'RUBIO NAVARRO' ,'sobrino/a' ,'685852273' ,'24495377Y'),
('44866137O', 'ELISA', 'GUERRERO PASCUAL' ,'nieto/a' ,'668166139' ,'47972091R'),
('25862107C', 'MARIA OLGA', 'CASTILLO FERRER' ,'hijo/a' ,'666463486' ,'19775410Y'),
('40738718G', 'MARIAM', 'ORTIZ MORALES' ,'hermano/a' ,'668246893' ,'86930737E'),
('98728921D', 'ENRIQUETA', 'LOZANO CARMONA' ,'hermano/a' ,'680406069' ,'11219791H'),
('34948802Y', 'ENRIQUETA', 'GIL HERRERO' ,'nieto/a' ,'602888841' ,'70410442W'),
('93398316S', 'MARIA TRINIDAD', 'SAEZ GOMEZ' ,'nieto/a' ,'697295933' ,'90751538X'),
('24210920O', 'CARME', 'NUÑEZ IGLESIAS' ,'sobrino/a' ,'679453609' ,'54865763C'),
('83567488F', 'TRINIDAD', 'CRESPO CARRASCO' ,'nieto/a' ,'679303815' ,'79492924W'),
('89355583E', 'AROA', 'ESTEBAN ESTEBAN' ,'hijo/a' ,'609664935' ,'37598391Q'),
('48790481I', 'SORAYA', 'DIEZ MOYA' ,'primo/a' ,'621458512' ,'08002201X'),
('98522797W', 'AGUSTINA', 'SOTO PARRA' ,'sobrino/a' ,'680365367' ,'77122141T'),
('90536806J', 'MARIA REYES', 'CRUZ BRAVO' ,'sobrino/a' ,'693712400' ,'13212433D'),
('33681373P', 'MARIA CANDELARIA', 'ROMAN DURA' ,'nieto/a' ,'678998082' ,'18107438W'),
('44735870Z', 'MARIA VICTORIA', 'CAMPOS MOYA' ,'sobrino/a' ,'680903033' ,'40399088K'),
('23798301Q', 'FLORENTINA', 'MORA ROMAN' ,'hijo/a' ,'660397214' ,'20053175U'),
('85604071D', 'FLORA', 'AGUILAR ROMAN' ,'sobrino/a' ,'603571116' ,'86111663A'),
('24646636S', 'MARIA ASCENSION', 'PRIETO CARRASCO' ,'hijo/a' ,'686029356' ,'04748091L'),
('49779945I', 'MARIA ENCARNACION', 'LORENZO MORA' ,'hijo/a' ,'620162554' ,'86628976I'),
('22326155E', 'ELISA', 'GIMENEZ MOY' ,'sobrino/a' ,'619103106' ,'81180832N'),
('21586375H', 'ASUNCION', 'DURAN CAMPOS' ,'hijo/a' ,'604431684' ,'06275035S'),
('17756065Z', 'MARIA CARME', 'VEGA GIL' ,'hermano/a' ,'622027693' ,'62057010D'),
('75749958U', 'IRIA', 'PASTOR GALLARDO' ,'hermano/a' ,'627535366' ,'38768237Z'),
('98061295J', 'MIA', 'PARRA VARGAS' ,'primo/a' ,'665374159' ,'85365974Y'),
('13493854L', 'MARIA JULIA', 'PEÑA GALLEGO' ,'primo/a' ,'611293027' ,'76037515I'),
('51869184K', 'INGRID', 'GALLARDO BRAVO' ,'nieto/a' ,'646984491' ,'56482490U'),
('12231337O', 'ALMA', 'GALLARDO CASTILLO' ,'nieto/a' ,'600978619' ,'24356685V'),
('72269237O', 'SILVIA', 'CRUZ BRAVO' ,'nuero/a' ,'671666078' ,'37308803E'),
('70614082R', 'FABIOLA', 'SOLER SOLER' ,'sobrino/a' ,'649736657' ,'98636192C'),
('13971120C', 'NURIA', 'SAEZ SAEZ' ,'hijo/a' ,'625106552' ,'17957461A'),
('70385407O', 'MERCEDES', 'PARRA VARGAS' ,'nuero/a' ,'679996843' ,'44885359F'),
('02117281L', 'LEONOR', 'MOLINA RAMOS' ,'nieto/a' ,'650861160' ,'55003510P'),
('34892941J', 'MARIA TERESA', 'LORENZO MORA' ,'hermano/a' ,'686273673' ,'03890386Z'),
('51095185U', 'ARACELI', 'SOLER SOLER' ,'nieto/a' ,'686722038' ,'27790087F'),
('21498392X', 'AZAHARA', 'RUBIO NAVARRO' ,'hijo/a' ,'617434524' ,'95183533K'),
('78711021N', 'JANA', 'SUAREZ ARIAS' ,'primo/a' ,'632625352' ,'69018134V'),
('83471362I', 'AMAIA', 'CAMPOS DIEZ' ,'primo/a' ,'699519502' ,'73306246K'),
('63801472F', 'MARIA YOLANDA', 'GARCIA JIMENEZ' ,'sobrino/a' ,'609629198' ,'77670389N'),
('19491297E', 'ELISABET', 'FERRER SANTANA' ,'nieto/a' ,'643367342' ,'89516067D'),
('80509470V', 'MAR', 'MOYA PARRA' ,'nuero/a' ,'669507176' ,'23263239M'),
('07237158L', 'JANA', 'GALLARDO CASTILLO' ,'sobrino/a' ,'693340740' ,'28200659U'),
('07523077Y', 'MAR', 'PEÑA NUÑEZ' ,'hijo/a' ,'609622588' ,'05843866Y'),
('71844676Y', 'ELIZABETH', 'SAEZ GALLARDO' ,'hijo/a' ,'611222411' ,'89208464C'),
('02699170R', 'ALBA', 'PASTOR GALLARDO' ,'sobrino/a' ,'662790552' ,'02566473H'),
('95887472A', 'JULIA', 'BRAVO GALLARDO' ,'nieto/a' ,'648971140' ,'30264227J'),
('38959692U', 'MARIA ESTHER', 'RUBIO NAVARRO' ,'hijo/a' ,'699540269' ,'24495377Y'),
('28365247G', 'ELISA', 'GUERRERO PASCUAL' ,'nuero/a' ,'633156470' ,'47972091R'),
('02248570Z', 'PILAR', 'CASTILLO FERRER' ,'hijo/a' ,'604757956' ,'19775410Y'),
('63309877N', 'MARIA ROSARIO', 'ORTIZ MORALES' ,'nieto/a' ,'649025457' ,'86930737E'),
('55595532E', 'ANA CRISTINA', 'LOZANO CARMONA' ,'hermano/a' ,'618160899' ,'11219791H'),
('01952247R', 'YASMINA', 'GIL HERRERO' ,'hijo/a' ,'621880395' ,'70410442W'),
('34881853Y', 'MARIA AURORA', 'SAEZ GOMEZ' ,'hijo/a' ,'649054473' ,'90751538X'),
('60763011H', 'ANNA MARIA', 'NUÑEZ IGLESIAS' ,'nuero/a' ,'675263842' ,'54865763C'),
('91903308V', 'FELISA', 'CRESPO CARRASCO' ,'nuero/a' ,'647126141' ,'79492924W'),
('69429668G', 'NURIA', 'ESTEBAN ESTEBAN' ,'sobrino/a' ,'672622447' ,'37598391Q'),
('09004401N', 'MARIA TERESA', 'DIEZ MOYA' ,'primo/a' ,'649594218' ,'08002201X'),
('30858005R', 'ESTHER', 'SOTO PARRA' ,'nuero/a' ,'689794912' ,'77122141T'),
('11775248T', 'SILVIA', 'CRUZ BRAVO' ,'primo/a' ,'683044942' ,'13212433D'),
('96374329C', 'JUDIT', 'ROMAN DURA' ,'hijo/a' ,'698804602' ,'18107438W'),
('73301297E', 'AGUEDA', 'CAMPOS MOYA' ,'hijo/a' ,'636451121' ,'40399088K'),
('12716055J', 'MARIA TERESA', 'MORA ROMAN' ,'nuero/a' ,'640508954' ,'20053175U'),
('30943334S', 'MARIA DOLORS', 'AGUILAR ROMAN' ,'hijo/a' ,'623116808' ,'86111663A'),
('90401388L', 'MARIA ANGELS', 'PRIETO CARRASCO' ,'nuero/a' ,'637725220' ,'04748091L'),
('33094835C', 'YASMINA', 'LORENZO MORA' ,'nieto/a' ,'681878901' ,'86628976I'),
('30251367K', 'FATIMA', 'GIMENEZ MOY' ,'primo/a' ,'692830927' ,'81180832N'),
('94516688T', 'EDURNE', 'DURAN CAMPOS' ,'nuero/a' ,'670987007' ,'06275035S'),
('70914569I', 'MICAELA', 'VEGA GIL' ,'hermano/a' ,'656475351' ,'62057010D'),
('85923979E', 'LIA', 'PASTOR GALLARDO' ,'hijo/a' ,'613732595' ,'38768237Z'),
('60587898K', 'MARIA BLANCA', 'PARRA VARGAS' ,'hermano/a' ,'694133502' ,'85365974Y'),
('10150618D', 'VALERIA', 'PEÑA GALLEGO' ,'nieto/a' ,'604604327' ,'76037515I'),
('35256819A', 'RITA', 'GALLARDO BRAVO' ,'nuero/a' ,'684409815' ,'56482490U'),
('83387724J', 'SANDRA', 'GALLARDO CASTILLO' ,'sobrino/a' ,'695642197' ,'24356685V'),
('50539069I', 'MARIA ARANZAZU', 'CRUZ BRAVO' ,'sobrino/a' ,'660980312' ,'37308803E'),
('98551276D', 'RAMONA', 'SOLER SOLER' ,'primo/a' ,'622256034' ,'98636192C'),
('98306331Y', 'AICHA', 'SAEZ SAEZ' ,'primo/a' ,'674684044' ,'17957461A'),
('43895660U', 'MARIA BLANCA', 'PARRA VARGAS' ,'hijo/a' ,'641025942' ,'44885359F'),
('71957315P', 'DESIREE', 'MOLINA RAMOS' ,'sobrino/a' ,'630325263' ,'55003510P'),
('18560508D', 'AZUCENA', 'LORENZO MORA' ,'sobrino/a' ,'645176599' ,'03890386Z'),
('88163219E', 'IRIA', 'SOLER SOLER' ,'primo/a' ,'660994764' ,'27790087F'),
('49757530K', 'MARIA SAGRARIO', 'RUBIO NAVARRO' ,'sobrino/a' ,'698529365' ,'95183533K'),
('95277835M', 'JUANA MARIA', 'SUAREZ ARIAS' ,'nuero/a' ,'639334708' ,'69018134V'),
('37044001T', 'AIDA', 'CAMPOS DIEZ' ,'nieto/a' ,'639157286' ,'73306246K'),
('84313147T', 'MARTA MARIA', 'GARCIA JIMENEZ' ,'nuero/a' ,'638995967' ,'77670389N'),
('39016332B', 'CARLOS ALBERTO', 'FERRER SANTANA' ,'hermano/a' ,'679870509' ,'89516067D'),
('15814997R', 'MIQUEL', 'MOYA PARRA' ,'hijo/a' ,'630811442' ,'23263239M'),
('38032979K', 'RODRIGO', 'GALLARDO CASTILLO' ,'nieto/a' ,'612738463' ,'28200659U'),
('23893883O', 'ELADIO', 'PEÑA NUÑEZ' ,'sobrino/a' ,'612840450' ,'05843866Y'),
('00826447E', 'JUAN LUIS', 'SAEZ GALLARDO' ,'hermano/a' ,'664171328' ,'89208464C'),
('90656609R', 'JOSU', 'PASTOR GALLARDO' ,'sobrino/a' ,'632546638' ,'02566473H'),
('96827288L', 'JULEN', 'ORTIZ MORALES' ,'nuero/a' ,'620845948' ,'86930737E'),
('93818862Z', 'ARMANDO', 'LOZANO CARMONA' ,'sobrino/a' ,'684712385' ,'11219791H'),
('93650646H', 'FRANCESC', 'GIL HERRERO' ,'hijo/a' ,'651700074' ,'70410442W'),
('67674405N', 'FELICIANO', 'SAEZ GOMEZ' ,'primo/a' ,'600418284' ,'90751538X'),
('54577840R', 'JACINTO', 'NUÑEZ IGLESIAS' ,'primo/a' ,'640458517' ,'54865763C'),
('60908602O', 'ANTONIO MIGUEL', 'CRESPO CARRASCO' ,'hermano/a' ,'661998557' ,'79492924W'),
('96293037M', 'ANTONIO FRANCISCO', 'ESTEBAN ESTEBAN' ,'hermano/a' ,'642582048' ,'37598391Q'),
('49211234L', 'ROBERT', 'DIEZ MOYA' ,'hijo/a' ,'675612222' ,'08002201X'),
('49605283F', 'MARTIN', 'SOTO PARRA' ,'primo/a' ,'630053771' ,'77122141T'),
('33301410W', 'ALEX', 'CRUZ BRAVO' ,'nieto/a' ,'601703068' ,'13212433D'),
('26812986Y', 'ADAN', 'ROMAN DURA' ,'hermano/a' ,'698464693' ,'18107438W'),
('30557234A', 'ALI', 'CAMPOS MOYA' ,'hermano/a' ,'651837456' ,'40399088K'),
('33923387X', 'ALONSO', 'MORA ROMAN' ,'nieto/a' ,'628817951' ,'20053175U'),
('75437444A', 'JUAN DIOS', 'AGUILAR ROMAN' ,'primo/a' ,'627734168' ,'86111663A'),
('00478502G', 'EDUARD', 'PRIETO CARRASCO' ,'nuero/a' ,'663115235' ,'04748091L'),
('48798627J', 'MATIAS', 'LORENZO MORA' ,'nieto/a' ,'621042185' ,'86628976I'),
('37194034E', 'RICARDO', 'GIMENEZ MOY' ,'hijo/a' ,'697983969' ,'81180832N'),
('92040231Z', 'PEDRO JAVIER', 'DURAN CAMPOS' ,'hermano/a' ,'647791807' ,'06275035S'),
('88128246B', 'CARLOS ALBERTO', 'VEGA GIL' ,'sobrino/a' ,'688204953' ,'62057010D'),
('15025506P', 'RACHID', 'PASTOR GALLARDO' ,'nuero/a' ,'695727882' ,'38768237Z'),
('64154116M', 'MANUEL', 'PARRA VARGAS' ,'sobrino/a' ,'626717664' ,'85365974Y'),
('41632223V', 'TEODORO', 'PEÑA GALLEGO' ,'hermano/a' ,'603568493' ,'76037515I'),
('15126734R', 'IMANOL', 'GALLARDO BRAVO' ,'hermano/a' ,'681428702' ,'56482490U'),
('47417728Y', 'ALFONSO', 'GALLARDO CASTILLO' ,'nuero/a' ,'603634492' ,'24356685V'),
('03516902Z', 'RICARD', 'CRUZ BRAVO' ,'primo/a' ,'616332228' ,'37308803E'),
('88447591W', 'ISMAEL', 'SOLER SOLER' ,'nieto/a' ,'656620688' ,'98636192C'),
('80901456A', 'SERGIO', 'SAEZ SAEZ' ,'primo/a' ,'650617560' ,'17957461A'),
('59505060C', 'BERNAT', 'PARRA VARGAS' ,'sobrino/a' ,'677212769' ,'44885359F'),
('46898338A', 'JUAN IGNACIO', 'MOLINA RAMOS' ,'nieto/a' ,'694735109' ,'55003510P'),
('49741926A', 'MARTIN', 'GUERRERO PASCUAL' ,'nuero/a' ,'627273903' ,'47972091R'),
('24196190E', 'GUILLEM', 'CASTILLO FERRER' ,'hermano/a' ,'692618638' ,'19775410Y'),
('61886546P', 'CARMELO', 'ORTIZ MORALES' ,'nuero/a' ,'636770802' ,'86930737E'),
('01444092H', 'FRANCISCO ANTONIO', 'LOZANO CARMONA' ,'hijo/a' ,'638579343' ,'11219791H');

SET DATESTYLE TO DMY;

INSERT INTO visitas (fecha, dni_familiar) VALUES
('11/02/2021 21:15', '89355583E'),
('20/10/2021 10:19', '55390087T'),
('14/11/2020 15:06', '39016332B'),
('04/03/2020 10:21', '51095185U'),
('15/02/2021 4:05', '95277835M'),
('08/10/2020 20:23', '85233091I'),
('05/06/2021 10:17', '39106423D'),
('05/08/2020 3:39', '10612635J'),
('02/11/2021 1:40', '87861043J'),
('05/09/2020 10:50', '22343720T'),
('25/06/2020 3:03', '93891620I'),
('12/01/2022 2:52', '85478710Z'),
('13/10/2020 0:46', '92040231Z'),
('21/07/2021 0:23', '44908054L'),
('13/04/2021 6:05', '13936224A'),
('19/01/2020 17:24', '86488833K'),
('09/06/2020 17:22', '51869184K'),
('27/06/2020 18:57', '69429668G'),
('30/08/2021 0:52', '95887472A'),
('04/11/2020 12:18', '44288618I'),
('02/06/2021 13:59', '09398830J'),
('23/07/2020 22:11', '43523715C'),
('20/09/2021 14:36', '33923387X'),
('29/11/2020 21:23', '63801472F'),
('23/03/2021 14:08', '13971120C'),
('08/05/2021 18:47', '01444092H'),
('15/02/2021 21:05', '07237158L'),
('02/03/2021 17:32', '07932086K'),
('06/01/2021 0:14', '40738718G'),
('25/03/2021 10:35', '69335964N'),
('15/06/2020 6:15', '05166903W'),
('02/03/2020 14:45', '70914569I'),
('23/03/2021 17:21', '49462976P'),
('31/05/2020 9:42', '06873779X'),
('25/01/2021 7:41', '37177806L'),
('25/10/2020 17:37', '84313147T'),
('26/06/2021 17:15', '39106423D'),
('03/01/2022 15:39', '07237158L'),
('15/12/2020 12:17', '94295047J'),
('18/12/2021 1:46', '41632223V'),
('31/08/2021 0:13', '51869184K'),
('20/02/2020 19:12', '74489396T'),
('31/10/2021 2:51', '49741926A'),
('22/12/2020 0:25', '38032979K'),
('27/02/2020 2:18', '59304959L'),
('08/08/2021 19:20', '37044001T'),
('23/12/2021 19:59', '90597725C'),
('23/12/2021 22:50', '24646636S'),
('21/10/2021 14:32', '60763011H'),
('26/09/2021 14:29', '64154116M'),
('21/06/2021 3:31', '69429668G'),
('31/07/2021 8:18', '12716055J'),
('23/09/2021 1:05', '72093672O'),
('30/10/2021 15:18', '04440212C'),
('03/05/2020 1:05', '12231337O'),
('18/09/2021 9:31', '98589528K'),
('16/10/2020 23:02', '98728921D'),
('31/07/2020 23:41', '24210920O'),
('21/03/2020 19:26', '43453975P'),
('25/08/2021 23:33', '04440212C'),
('08/02/2021 19:42', '72093672O'),
('26/11/2021 5:46', '64154116M'),
('16/10/2021 20:29', '67674405N'),
('08/07/2021 13:45', '37177806L'),
('02/11/2020 3:26', '89355583E'),
('22/08/2021 2:19', '12473528W'),
('01/04/2021 11:10', '12473528W'),
('07/08/2021 13:12', '93398316S'),
('19/08/2021 2:12', '15814997R'),
('24/06/2020 10:17', '15003716U'),
('24/11/2021 3:53', '04386248A'),
('22/05/2021 7:44', '78060614D'),
('13/04/2021 20:38', '44739541W'),
('03/05/2020 6:21', '33681373P'),
('27/06/2021 21:35', '81730363C'),
('19/10/2020 0:05', '04102303N'),
('08/11/2020 15:35', '74489396T'),
('12/05/2020 23:52', '49757530K'),
('24/12/2021 19:18', '12716055J'),
('15/12/2020 3:41', '15003716U'),
('16/08/2020 13:24', '98728921D'),
('28/10/2021 3:37', '49981501W'),
('05/07/2020 14:14', '17756065Z'),
('26/06/2021 22:29', '26812986Y'),
('10/02/2020 23:50', '83387724J'),
('22/09/2020 20:32', '91903308V'),
('18/10/2021 12:09', '24210920O'),
('24/11/2021 2:18', '96374329C'),
('21/05/2020 2:53', '21503404J'),
('01/01/2022 1:57', '39016332B'),
('30/08/2021 10:03', '00905929C'),
('11/03/2020 17:17', '07474358M'),
('28/02/2021 19:14', '44735870Z'),
('16/09/2020 5:45', '72093672O'),
('01/12/2020 11:29', '84368157H'),
('19/11/2021 8:32', '32147592B'),
('15/03/2020 14:04', '51095185U'),
('27/07/2020 7:54', '08442195R'),
('15/03/2021 14:44', '97040799J'),
('26/10/2020 18:40', '02117281L'),
('18/11/2021 19:58', '09398830J'),
('02/04/2020 20:12', '02248570Z'),
('01/09/2020 18:05', '30858005R'),
('06/10/2021 17:42', '02986433V'),
('08/11/2021 19:47', '23798301Q'),
('02/11/2021 10:35', '59505060C'),
('18/03/2020 20:16', '19948360Z'),
('08/07/2020 13:37', '92040231Z'),
('05/07/2020 12:49', '46482388O'),
('10/11/2020 2:05', '46482388O'),
('25/10/2020 3:05', '85353954N'),
('16/01/2021 7:59', '60587898K'),
('17/09/2021 10:54', '67069073A'),
('07/06/2021 17:07', '96374329C'),
('10/09/2020 17:28', '20249673A'),
('28/10/2020 7:41', '48822976P'),
('27/04/2020 19:59', '19452676R'),
('20/08/2020 19:38', '54577840R'),
('22/01/2020 12:57', '70914569I'),
('11/05/2021 12:57', '10612635J'),
('09/02/2020 5:07', '47668872G'),
('18/03/2020 0:24', '11511208D'),
('24/03/2020 21:06', '57115793F'),
('29/09/2020 2:33', '34235720I'),
('17/02/2020 17:34', '78711021N'),
('08/08/2020 2:14', '70385407O'),
('14/02/2021 4:10', '49757530K'),
('28/03/2021 3:48', '55390087T'),
('01/07/2021 19:10', '49757530K'),
('20/06/2020 13:35', '96197277K'),
('01/04/2020 2:18', '00905929C'),
('11/07/2020 14:32', '44739541W'),
('17/10/2020 2:40', '20249673A'),
('28/06/2020 1:00', '32390620B'),
('21/07/2021 0:54', '22326155E'),
('21/12/2021 20:27', '71957315P'),
('26/04/2020 6:13', '47417728Y'),
('19/08/2020 16:04', '74489396T'),
('12/08/2021 7:22', '75437444A'),
('05/02/2021 1:02', '32962060S'),
('20/07/2021 16:04', '83387724J'),
('11/08/2020 7:54', '39455145B'),
('22/07/2020 9:35', '46989276F'),
('14/07/2021 4:54', '43453975P'),
('09/08/2020 7:18', '34235720I'),
('04/04/2021 23:15', '11775248T'),
('15/08/2021 8:05', '58680373N'),
('11/01/2022 22:29', '69429668G'),
('28/08/2021 8:52', '77016091P'),
('18/04/2021 9:47', '25849415D'),
('21/05/2021 3:19', '35366663M'),
('05/03/2020 6:39', '30557234A'),
('27/05/2020 1:27', '76273386W'),
('16/11/2021 14:22', '33094835C'),
('03/02/2021 8:39', '02699170R'),
('23/01/2020 12:49', '10847342Q'),
('20/01/2020 1:25', '48790481I'),
('05/08/2021 4:02', '39106423D'),
('26/04/2021 13:01', '52026107O'),
('20/03/2021 12:45', '10612635J'),
('18/03/2021 9:33', '64304136M'),
('31/08/2020 7:52', '12763860B'),
('08/09/2020 7:16', '20249673A'),
('03/07/2021 18:57', '89355583E'),
('05/03/2020 12:22', '17658099T'),
('05/06/2020 7:55', '10847342Q'),
('17/04/2020 1:15', '00478502G'),
('02/04/2020 12:15', '52807312S'),
('10/11/2021 17:36', '46200957U'),
('06/08/2020 20:50', '92040231Z'),
('09/08/2021 14:00', '51458200F'),
('18/11/2021 12:48', '54324163N'),
('20/04/2021 1:10', '18560508D'),
('29/07/2021 19:17', '70614082R'),
('29/01/2021 2:31', '08835563Q'),
('03/08/2021 20:52', '85865509L'),
('22/11/2020 0:05', '43570367F'),
('27/03/2020 12:57', '85865509L'),
('15/04/2020 9:10', '71844676Y'),
('04/06/2020 3:27', '46200957U'),
('04/10/2020 19:26', '09432389V'),
('30/12/2021 6:54', '93398316S'),
('14/09/2021 4:12', '09004401N'),
('03/11/2021 10:39', '21650526R'),
('18/06/2020 0:31', '44866137O'),
('04/02/2021 8:15', '70385407O'),
('05/11/2021 1:07', '87861043J'),
('16/01/2021 20:51', '55390087T'),
('03/06/2021 22:30', '43570367F'),
('01/07/2020 12:32', '61886546P'),
('21/11/2021 6:22', '83171173N'),
('23/04/2020 5:33', '51869184K'),
('26/12/2021 13:52', '90750128T'),
('23/01/2020 7:54', '11775248T'),
('04/12/2021 0:00', '01444092H'),
('25/03/2021 8:30', '88592811K'),
('02/08/2021 4:26', '02248570Z'),
('23/05/2020 21:00', '15003716U'),
('30/12/2021 15:32', '28365247G'),
('25/11/2020 19:44', '50792617E'),
('23/09/2021 9:28', '75437444A'),
('28/06/2021 17:19', '40738718G'),
('19/01/2021 20:28', '49757530K'),
('01/06/2020 22:31', '88128246B'),
('09/01/2021 14:40', '60908602O'),
('09/09/2021 19:17', '93891620I'),
('18/04/2021 12:55', '96293037M'),
('29/10/2020 16:57', '77715571I'),
('26/12/2020 20:19', '38231274X'),
('14/11/2021 7:30', '14445087H'),
('18/08/2020 20:37', '15126734R'),
('06/05/2020 21:02', '47104883P'),
('14/10/2020 11:32', '77016091P'),
('16/03/2021 17:12', '43895660U'),
('24/01/2020 8:21', '69429668G'),
('30/11/2021 11:15', '11511208D'),
('20/06/2020 4:31', '88667236Z'),
('20/02/2021 21:14', '71957315P'),
('21/06/2021 1:45', '25862107C'),
('25/01/2020 22:23', '92489385G'),
('18/07/2020 8:54', '28839771C'),
('29/10/2020 16:10', '88592811K'),
('26/06/2020 1:44', '13971120C'),
('23/02/2020 6:55', '61886546P'),
('19/10/2020 19:12', '26812986Y'),
('14/10/2020 13:18', '21586375H'),
('06/01/2022 2:11', '95277835M'),
('21/03/2020 18:12', '23893883O'),
('04/05/2020 10:21', '19491297E'),
('14/04/2021 7:07', '92040231Z'),
('03/01/2021 14:14', '83867077N'),
('17/07/2021 20:19', '49211234L'),
('12/08/2021 11:11', '15025506P'),
('10/06/2021 3:06', '26812986Y'),
('06/06/2021 21:47', '09004401N'),
('03/09/2021 5:26', '15787945F'),
('22/07/2021 21:00', '94071656C'),
('29/07/2021 3:24', '10612635J'),
('21/08/2020 22:29', '19452676R'),
('22/11/2021 20:13', '22035704Z'),
('27/01/2021 3:18', '88592811K'),
('16/07/2020 23:33', '39455145B'),
('05/04/2020 13:04', '51869184K'),
('21/06/2021 11:46', '24646636S'),
('10/03/2021 10:34', '75437444A'),
('18/03/2021 22:25', '52807312S'),
('23/12/2020 15:03', '20435288L'),
('31/08/2020 0:01', '09966884Y'),
('19/07/2021 20:43', '20346223G'),
('05/03/2021 0:45', '07523077Y'),
('30/06/2020 10:56', '23798301Q'),
('11/10/2020 21:28', '83556889D'),
('23/06/2021 9:40', '52677377H'),
('20/05/2020 19:12', '40414900Z'),
('27/02/2020 2:21', '89127273Q'),
('09/08/2020 5:20', '12473528W'),
('27/12/2020 17:54', '28365247G'),
('15/09/2020 19:33', '07932086K'),
('27/04/2020 12:59', '09966884Y'),
('01/03/2021 4:00', '91932246M'),
('03/08/2020 18:05', '85923979E'),
('16/05/2020 19:49', '69747553F'),
('14/03/2020 13:00', '49211234L'),
('25/09/2020 9:19', '19948360Z'),
('19/12/2020 20:04', '61886546P'),
('20/12/2020 13:47', '13936224A'),
('25/11/2021 13:20', '89355583E'),
('11/08/2021 6:52', '32715147I'),
('18/09/2021 13:54', '67674405N'),
('09/10/2021 6:12', '02699170R'),
('08/01/2021 17:26', '85353954N'),
('21/09/2021 8:14', '25849415D'),
('06/04/2021 8:35', '00826447E'),
('13/03/2021 1:35', '74354791B'),
('23/06/2021 8:19', '37194034E'),
('31/03/2020 23:21', '03516902Z'),
('26/05/2020 14:36', '33301410W'),
('15/10/2020 6:58', '55595532E'),
('18/01/2022 7:19', '70614082R'),
('21/08/2020 18:22', '20435288L'),
('06/04/2020 2:07', '34892941J'),
('16/09/2021 16:47', '75616205F'),
('11/10/2021 15:38', '07474358M'),
('15/05/2021 22:52', '41076593L'),
('07/03/2021 3:13', '02413608V'),
('30/04/2020 1:36', '15003716U'),
('19/07/2020 3:18', '52807312S'),
('06/04/2020 23:58', '09398830J'),
('12/06/2021 15:10', '01952247R'),
('03/10/2020 14:38', '49301661D'),
('18/08/2020 5:42', '19491297E'),
('18/06/2021 12:17', '17097648P'),
('09/10/2020 8:14', '85604071D'),
('01/12/2020 5:05', '13971120C'),
('26/10/2020 12:32', '21650526R'),
('05/03/2021 22:18', '83387724J'),
('30/05/2020 10:40', '35366663M'),
('07/05/2020 21:57', '88163219E'),
('19/02/2021 0:59', '07237158L'),
('21/11/2021 8:55', '12473528W'),
('10/11/2021 8:48', '09432389V'),
('09/03/2021 17:56', '32390620B'),
('14/08/2020 15:28', '44735870Z'),
('09/04/2020 15:07', '00478502G'),
('19/03/2020 5:10', '33301410W'),
('19/01/2021 20:39', '87964244K'),
('16/05/2021 18:22', '03516902Z'),
('02/01/2022 3:59', '60763011H'),
('24/06/2021 1:49', '24196190E'),
('06/08/2021 2:27', '87861043J'),
('15/01/2021 2:56', '34576533W'),
('30/03/2020 6:24', '44739541W'),
('06/07/2021 15:36', '58680373N'),
('05/07/2020 2:45', '44735870Z'),
('10/05/2020 21:53', '26812986Y'),
('03/05/2021 17:00', '16340078W'),
('12/01/2021 9:46', '25849415D'),
('01/11/2020 20:03', '30943334S'),
('07/03/2020 11:36', '01952247R'),
('16/07/2021 0:17', '64154116M'),
('21/10/2020 22:34', '41632223V'),
('08/10/2021 12:36', '95887472A'),
('11/02/2020 22:51', '72269237O'),
('25/12/2021 19:28', '55390087T'),
('28/03/2020 6:10', '87861043J'),
('13/12/2020 14:54', '78060614D'),
('10/01/2021 13:12', '46989276F'),
('23/11/2020 0:31', '69429668G'),
('22/11/2021 20:11', '20346223G'),
('15/10/2020 18:34', '89055188D'),
('12/01/2021 11:00', '12513489W'),
('08/05/2020 7:17', '34892941J'),
('07/09/2020 21:23', '35256819A'),
('21/01/2022 3:01', '98306331Y'),
('18/09/2021 0:11', '83387724J'),
('26/11/2020 16:20', '90014786X'),
('23/04/2020 20:21', '10348845P'),
('19/04/2021 5:20', '21498392X'),
('22/12/2021 9:10', '09398830J'),
('13/04/2020 4:54', '04764161O'),
('17/02/2020 5:39', '61886546P'),
('29/04/2020 15:01', '49942071J'),
('06/11/2020 4:53', '35256819A'),
('08/10/2020 4:18', '50282194O'),
('30/10/2021 3:50', '85923979E'),
('06/05/2020 14:49', '96827288L'),
('18/07/2021 6:04', '32375691A'),
('07/02/2020 14:09', '44739541W'),
('09/04/2020 11:37', '47781485F'),
('03/01/2022 7:17', '13493854L'),
('18/08/2020 12:28', '95277835M'),
('03/01/2021 5:13', '21498392X'),
('24/02/2020 11:56', '85604071D'),
('13/06/2020 16:49', '20435288L'),
('03/06/2021 1:58', '30557234A'),
('19/10/2021 4:45', '03516902Z'),
('07/10/2021 2:43', '66746137A'),
('04/03/2020 8:10', '32375691A'),
('18/11/2021 17:10', '92489385G'),
('14/11/2021 9:39', '49301661D'),
('18/04/2020 22:55', '24196190E'),
('18/12/2021 15:30', '08346101N'),
('19/09/2020 18:17', '08564943T'),
('13/05/2020 18:51', '01444092H'),
('18/04/2020 17:10', '47668872G'),
('13/06/2021 5:55', '67710933V'),
('13/04/2020 13:07', '91932246M'),
('13/09/2021 21:25', '48798627J'),
('04/07/2021 15:30', '51458200F'),
('22/03/2020 5:52', '87964244K'),
('23/12/2020 23:52', '72093672O'),
('27/01/2021 2:42', '98522797W'),
('13/10/2021 22:41', '98589528K'),
('13/06/2021 16:04', '38959692U'),
('22/02/2021 18:41', '13971120C'),
('10/06/2021 12:30', '72093672O'),
('24/09/2020 8:46', '16340078W'),
('08/06/2020 13:49', '75616205F'),
('01/06/2021 8:02', '44288618I'),
('01/05/2021 10:46', '54577840R'),
('14/10/2020 4:33', '70914569I'),
('09/07/2020 8:01', '05166903W'),
('09/01/2021 9:11', '69747553F'),
('18/11/2021 4:44', '07024478Z'),
('16/04/2021 19:45', '87861043J'),
('26/11/2021 4:53', '24210920O'),
('08/08/2021 3:30', '28839771C'),
('17/02/2021 18:31', '79219668C'),
('09/06/2020 12:38', '64154116M'),
('07/10/2020 22:59', '69747553F'),
('18/01/2020 5:08', '23893883O'),
('05/04/2021 16:09', '84313147T'),
('30/07/2021 11:07', '10612635J'),
('28/11/2021 21:40', '23893883O'),
('01/08/2020 12:30', '48857815U'),
('23/06/2020 16:10', '00478502G'),
('01/11/2020 23:14', '01952247R'),
('12/10/2021 8:04', '09432389V'),
('04/12/2021 23:22', '10389013I'),
('29/02/2020 8:17', '10612635J'),
('25/07/2020 4:00', '93398316S'),
('16/01/2021 12:25', '62725560B'),
('12/10/2020 5:16', '41076593L'),
('02/02/2021 10:42', '00826447E'),
('16/10/2021 15:42', '39455145B'),
('20/08/2020 6:17', '33681373P'),
('07/11/2021 11:28', '90536806J'),
('26/07/2020 7:44', '15787945F'),
('05/05/2021 8:46', '15787945F'),
('30/12/2021 14:34', '46898338A'),
('23/06/2021 20:19', '97180390B'),
('18/11/2020 11:51', '77715571I'),
('18/02/2021 20:23', '98306331Y'),
('26/03/2020 21:22', '00905929C'),
('01/05/2021 5:48', '89355583E'),
('06/08/2020 5:03', '88163219E'),
('11/12/2021 9:19', '49942071J'),
('06/10/2020 13:02', '68598967I'),
('02/06/2021 15:59', '83556889D'),
('09/11/2021 5:15', '02413608V'),
('10/11/2020 10:16', '60460984N'),
('10/03/2020 1:18', '49784098N'),
('30/10/2020 20:22', '34892941J'),
('01/03/2021 2:30', '20435288L'),
('14/05/2021 13:12', '57500360O'),
('27/02/2021 0:06', '57115793F'),
('28/12/2020 1:27', '90750128T'),
('20/05/2021 7:29', '49741926A'),
('19/11/2021 13:20', '41632223V'),
('28/07/2020 2:16', '22343720T'),
('15/01/2021 8:34', '43523715C'),
('20/12/2021 11:37', '90401388L'),
('26/02/2020 18:06', '30943334S'),
('07/05/2021 19:18', '23945899S'),
('04/10/2021 20:30', '15025506P'),
('15/01/2021 10:27', '48790481I'),
('01/07/2021 5:19', '33923387X'),
('09/06/2021 6:47', '40738718G'),
('10/03/2021 7:13', '78060614D'),
('29/06/2020 14:39', '41183555V'),
('12/11/2021 7:26', '10612635J'),
('30/12/2020 7:48', '15003716U'),
('04/06/2021 16:43', '85478710Z'),
('25/08/2021 3:41', '11775248T'),
('23/01/2021 7:19', '39765467S'),
('26/04/2021 5:00', '77016091P'),
('07/04/2021 8:09', '19491297E'),
('20/08/2021 20:12', '02117281L'),
('09/03/2021 10:29', '49981501W'),
('04/06/2020 14:34', '90536806J'),
('29/11/2021 2:57', '23893883O'),
('18/07/2021 14:56', '12473528W'),
('13/11/2021 8:05', '07932086K'),
('20/10/2021 5:53', '52026107O'),
('26/06/2020 6:10', '27130282Q'),
('14/08/2021 11:55', '44586839W'),
('05/10/2020 8:29', '98551276D'),
('29/06/2021 5:54', '01952247R'),
('31/05/2021 16:00', '51095185U'),
('01/10/2020 13:12', '51095185U'),
('25/06/2020 3:10', '48822976P'),
('09/04/2020 14:38', '88667236Z'),
('19/07/2020 4:17', '55390087T'),
('20/04/2020 11:26', '19452676R'),
('29/08/2021 6:41', '04386248A'),
('29/04/2020 16:24', '55660191G'),
('08/03/2021 9:33', '12473528W'),
('18/05/2021 8:09', '02986433V'),
('17/02/2021 11:05', '93398316S'),
('13/07/2021 11:02', '38959692U'),
('16/12/2021 4:41', '49757530K'),
('29/06/2020 8:34', '98728921D'),
('17/01/2021 13:03', '83822722B'),
('06/02/2021 3:08', '44739541W'),
('15/03/2020 0:06', '95887472A'),
('01/03/2020 7:52', '02413608V'),
('27/08/2021 3:21', '70385407O'),
('23/12/2021 5:53', '38173758W'),
('10/09/2020 2:52', '38231274X'),
('23/11/2020 1:43', '07024478Z'),
('10/11/2020 12:05', '89127273Q'),
('16/04/2021 8:21', '93891620I'),
('08/07/2021 14:21', '83822722B'),
('19/01/2020 3:07', '83822722B'),
('14/01/2022 20:13', '21650526R'),
('03/11/2021 21:56', '34948802Y'),
('05/12/2020 18:18', '19948360Z'),
('12/10/2020 5:01', '50282194O'),
('29/09/2020 1:52', '43453975P'),
('10/06/2021 20:26', '78060614D'),
('01/02/2020 10:12', '22326155E'),
('15/09/2021 0:17', '24210920O'),
('27/05/2020 23:13', '59505060C'),
('22/07/2020 15:47', '74645379X'),
('20/12/2020 14:21', '94295047J'),
('01/06/2020 17:03', '30251367K'),
('04/07/2020 19:40', '75616205F'),
('26/10/2021 11:02', '89647909T'),
('31/12/2021 15:25', '54324163N'),
('07/10/2021 23:40', '09004401N'),
('15/09/2021 5:59', '98306331Y'),
('16/01/2021 2:40', '30943334S'),
('20/09/2021 10:01', '66746137A'),
('08/12/2021 5:51', '54577840R'),
('01/05/2020 8:00', '12513489W'),
('20/10/2020 9:51', '44543465K'),
('14/03/2020 14:55', '48790481I'),
('09/02/2020 17:50', '43895660U'),
('08/07/2021 19:47', '19452676R'),
('18/05/2021 0:54', '46898338A'),
('22/07/2021 11:56', '90750128T'),
('25/11/2021 14:23', '39106423D'),
('14/09/2020 21:17', '83164896U'),
('11/08/2021 19:05', '13493854L'),
('22/03/2021 16:02', '84368157H'),
('20/09/2021 22:41', '52807312S'),
('04/08/2020 14:55', '34576533W'),
('13/02/2021 5:10', '94295047J'),
('27/02/2020 9:29', '07237158L'),
('29/04/2021 21:29', '96558052N'),
('24/06/2020 8:39', '54577840R'),
('28/05/2020 21:31', '07474358M'),
('11/08/2021 2:58', '67710933V'),
('06/04/2020 2:09', '17658099T'),
('09/11/2021 0:46', '96827288L'),
('01/01/2022 1:09', '30557234A'),
('12/05/2020 14:45', '44735870Z'),
('15/09/2020 3:06', '39455145B'),
('10/04/2020 4:31', '78711021N'),
('01/02/2021 9:38', '09432389V'),
('04/12/2021 9:42', '66746137A'),
('02/02/2021 10:19', '34892941J'),
('25/08/2020 16:08', '23945899S'),
('09/09/2020 2:06', '83567488F'),
('01/12/2021 2:25', '91932246M'),
('20/10/2020 22:01', '78711021N'),
('17/03/2020 22:34', '83471362I'),
('21/02/2020 7:52', '55660191G'),
('26/09/2021 23:10', '38231274X'),
('11/10/2021 7:34', '05166903W'),
('03/01/2022 0:03', '47417728Y'),
('17/01/2020 16:16', '39765467S'),
('28/10/2020 13:15', '40414900Z'),
('24/06/2020 2:33', '95277835M'),
('15/12/2020 2:08', '04102303N'),
('01/12/2020 15:29', '02699170R'),
('15/01/2021 21:24', '46200957U'),
('21/06/2021 0:02', '37177806L'),
('08/07/2020 3:49', '04764161O'),
('26/12/2020 23:46', '68598967I'),
('03/07/2021 7:06', '48857815U'),
('23/01/2021 2:12', '13971120C'),
('04/04/2021 5:31', '55390087T'),
('09/10/2021 14:09', '49942071J'),
('31/01/2021 13:43', '49757530K'),
('24/05/2021 14:10', '62725560B'),
('23/08/2021 6:43', '51095185U'),
('09/11/2020 13:12', '30251367K'),
('12/03/2021 0:17', '74489396T'),
('07/07/2020 11:21', '77016091P'),
('21/05/2020 2:12', '08835563Q'),
('17/11/2020 21:14', '47781485F'),
('04/09/2020 17:19', '78060614D'),
('17/01/2022 1:52', '60763011H'),
('23/09/2020 10:05', '28393952U'),
('26/07/2020 11:56', '23893883O'),
('16/04/2021 18:33', '15814997R'),
('23/07/2020 13:46', '39016332B'),
('21/03/2020 18:19', '51859603G'),
('20/09/2020 9:47', '77379043K'),
('12/01/2021 19:16', '98589528K'),
('03/06/2021 15:06', '04386248A'),
('05/08/2021 3:28', '70614082R'),
('13/04/2021 1:32', '32375691A'),
('01/05/2020 9:18', '49942071J'),
('11/03/2021 16:27', '88447591W'),
('28/04/2020 16:01', '25862107C'),
('05/06/2021 9:22', '41076593L'),
('30/06/2021 15:13', '90536806J'),
('04/04/2020 3:31', '10389013I'),
('15/12/2021 2:04', '27130282Q'),
('12/04/2021 6:36', '88128246B'),
('28/09/2020 1:40', '83403579R'),
('05/12/2020 12:25', '21503404J'),
('22/04/2020 12:45', '93818862Z'),
('10/06/2020 5:53', '04102303N'),
('28/06/2020 23:24', '23945899S'),
('07/11/2020 21:20', '85923979E'),
('06/04/2021 2:43', '97183944B'),
('21/07/2020 10:32', '32715147I'),
('25/04/2020 13:19', '04440212C'),
('17/05/2021 21:59', '28365247G'),
('18/02/2021 16:43', '00478502G'),
('20/07/2020 21:47', '01952247R'),
('10/10/2020 18:10', '10348845P'),
('20/09/2020 15:55', '55595532E'),
('15/06/2021 17:17', '37194034E'),
('14/01/2022 15:06', '85353954N'),
('18/02/2020 23:16', '85604071D'),
('06/05/2021 0:17', '94071656C'),
('21/09/2021 12:58', '40414900Z'),
('04/10/2020 19:00', '41076593L'),
('09/11/2020 5:10', '49605283F'),
('06/05/2021 20:12', '51458200F'),
('14/11/2021 3:32', '11511208D'),
('07/01/2021 12:20', '80450359A'),
('15/06/2021 18:20', '85604071D'),
('14/06/2020 7:42', '52677377H'),
('27/12/2021 10:30', '71519874I'),
('26/03/2020 9:54', '22343720T'),
('27/11/2021 14:05', '87964244K'),
('28/03/2021 11:21', '34576533W'),
('22/01/2020 9:14', '83471362I'),
('18/09/2020 21:07', '96197277K'),
('05/02/2021 9:27', '92489385G'),
('18/06/2021 6:05', '39765467S'),
('17/04/2021 9:12', '19394620O'),
('07/02/2020 4:06', '10150618D'),
('18/09/2021 19:50', '75437444A'),
('01/01/2022 13:08', '96293037M'),
('02/04/2021 6:30', '95887472A'),
('16/08/2021 12:07', '77715571I'),
('28/03/2021 9:32', '08442195R'),
('17/08/2020 1:31', '38231274X'),
('17/02/2021 2:11', '71844676Y'),
('29/05/2020 1:48', '46898338A'),
('18/05/2020 16:56', '26129697V'),
('15/10/2021 10:44', '46898338A'),
('03/07/2020 16:50', '48790481I'),
('08/06/2020 21:50', '25849415D'),
('29/04/2020 13:19', '74645379X'),
('05/05/2021 10:51', '49942071J'),
('08/02/2020 23:43', '41632223V'),
('15/09/2020 20:48', '95887472A'),
('20/06/2021 21:22', '60908602O'),
('01/02/2020 19:04', '08835563Q'),
('15/08/2020 12:29', '98551276D'),
('01/12/2020 22:24', '48798627J'),
('13/02/2021 10:46', '13936224A'),
('27/09/2021 14:20', '51095185U'),
('15/12/2021 1:17', '13971120C'),
('16/02/2020 8:48', '08564943T'),
('25/02/2020 3:41', '09966884Y'),
('02/05/2020 3:36', '85604071D'),
('05/10/2020 1:53', '26812986Y'),
('30/03/2020 21:57', '83164896U'),
('21/04/2021 13:57', '70614082R'),
('15/11/2021 19:49', '09004401N'),
('21/08/2020 4:12', '37422889C'),
('01/03/2020 11:08', '13936224A'),
('22/09/2020 16:02', '49211234L'),
('16/07/2020 9:20', '08346101N'),
('13/02/2020 1:01', '23798301Q'),
('07/03/2021 5:01', '83567488F'),
('21/12/2021 18:44', '30858005R'),
('13/04/2021 21:39', '57115187O'),
('28/01/2020 7:02', '07474358M'),
('12/10/2020 14:17', '70614082R'),
('13/08/2020 23:22', '19394620O'),
('21/03/2021 22:51', '74900207C'),
('27/01/2021 14:49', '95561622E'),
('18/04/2020 3:33', '50539069I'),
('24/01/2020 19:45', '32962060S'),
('19/01/2021 23:08', '55595532E'),
('28/09/2020 12:23', '88128246B'),
('08/03/2021 19:27', '20435288L'),
('20/10/2020 9:36', '49942071J'),
('08/12/2021 19:18', '59505060C'),
('21/03/2021 11:55', '67069073A'),
('23/07/2021 21:17', '30858005R'),
('16/03/2021 8:45', '33923387X'),
('20/05/2020 19:32', '90750128T'),
('23/11/2021 13:10', '34948802Y'),
('29/01/2020 15:53', '97180390B'),
('05/01/2021 22:15', '12473528W'),
('04/06/2021 19:37', '22326155E'),
('14/07/2020 15:45', '39106423D'),
('20/01/2021 16:43', '59304959L'),
('06/11/2021 10:26', '49757530K'),
('24/03/2020 12:24', '55390087T'),
('21/07/2020 11:07', '49301661D'),
('16/09/2021 19:19', '10612635J'),
('27/01/2021 11:47', '13936224A'),
('19/01/2020 12:53', '89647909T'),
('06/12/2021 21:27', '44288618I'),
('30/09/2020 3:23', '87964244K'),
('27/02/2021 18:28', '97180390B'),
('09/09/2021 11:28', '72093672O'),
('19/01/2020 7:54', '95277835M'),
('15/11/2021 22:24', '37422889C'),
('31/07/2020 0:46', '88128246B'),
('18/09/2020 8:52', '68950387U'),
('21/05/2021 23:44', '81730363C'),
('17/03/2020 23:21', '91932246M'),
('24/05/2021 10:06', '44908054L'),
('22/06/2020 5:12', '22035704Z'),
('29/09/2020 20:28', '41183555V'),
('20/07/2020 21:15', '09398830J'),
('04/04/2021 19:39', '73301297E'),
('24/02/2020 13:24', '03516902Z'),
('07/08/2021 13:24', '48951424P'),
('14/11/2020 23:15', '08835563Q'),
('21/04/2021 16:17', '77379043K'),
('28/08/2021 3:36', '00905929C'),
('22/07/2020 9:17', '67069073A'),
('14/01/2022 0:55', '49301661D'),
('27/09/2021 16:28', '41183555V'),
('08/07/2020 15:05', '43523715C'),
('13/06/2020 3:55', '34948802Y'),
('04/03/2020 5:02', '50282194O'),
('21/01/2022 6:54', '02117281L'),
('01/03/2021 7:02', '07523077Y'),
('07/12/2021 17:06', '01952247R'),
('03/01/2021 14:28', '07237158L'),
('30/03/2020 18:15', '94071656C'),
('14/09/2020 17:47', '02699170R'),
('03/04/2020 17:11', '83556889D'),
('27/03/2021 17:36', '89127273Q'),
('30/09/2021 15:27', '39765467S'),
('30/11/2021 0:13', '96558052N'),
('30/03/2020 8:41', '83403579R'),
('07/05/2021 15:34', '90014786X'),
('15/07/2021 16:32', '09004401N'),
('03/04/2020 17:13', '22326155E'),
('01/10/2020 21:45', '67674405N'),
('06/06/2021 6:49', '60587898K'),
('23/09/2020 3:31', '12231337O'),
('20/08/2021 10:21', '88163219E'),
('20/07/2021 23:24', '63801472F'),
('18/12/2021 20:16', '15003716U'),
('10/04/2021 15:01', '45669088P'),
('15/03/2021 11:27', '07523077Y'),
('25/06/2020 13:40', '04440212C'),
('14/07/2020 1:16', '70385407O'),
('04/07/2020 14:51', '17097648P'),
('19/04/2020 1:12', '74900207C'),
('02/07/2020 12:32', '64154116M'),
('15/06/2020 21:53', '77016091P'),
('09/03/2021 19:01', '54577840R'),
('28/12/2020 18:02', '90014786X'),
('20/08/2020 2:37', '64304136M'),
('26/06/2021 11:43', '60460984N'),
('06/02/2020 7:42', '51869184K'),
('08/05/2021 6:38', '12716055J'),
('28/02/2021 2:45', '26812986Y'),
('17/02/2021 7:06', '98551276D'),
('11/08/2021 14:03', '59304959L'),
('04/10/2020 20:57', '30557234A'),
('14/11/2020 23:17', '15964983A'),
('15/09/2020 18:44', '50792617E'),
('10/01/2022 15:04', '98306331Y'),
('06/11/2021 18:36', '84368157H'),
('01/06/2020 17:20', '83403579R'),
('19/12/2020 11:11', '20435288L'),
('30/08/2020 22:02', '28365247G'),
('02/03/2020 5:26', '49981501W'),
('04/09/2021 23:57', '98061295J'),
('13/10/2021 19:49', '70614082R'),
('27/02/2020 9:25', '32390620B'),
('11/12/2020 14:36', '48857815U'),
('05/10/2020 10:44', '00826447E'),
('07/07/2020 2:31', '44908054L'),
('08/09/2020 14:48', '46200957U'),
('04/03/2021 9:27', '93891620I'),
('21/06/2020 11:01', '07523077Y'),
('04/04/2020 9:34', '34576533W'),
('22/04/2020 20:14', '24196190E'),
('02/07/2020 15:46', '44735870Z'),
('14/03/2020 1:28', '11511208D'),
('13/05/2020 22:38', '74158085V'),
('08/02/2020 10:04', '46482388O'),
('23/04/2021 2:24', '89127273Q'),
('25/04/2021 20:07', '33681373P'),
('02/12/2021 9:47', '83867077N'),
('28/01/2020 17:09', '00905929C'),
('23/02/2020 1:39', '60763011H'),
('12/09/2020 16:22', '02117281L'),
('11/06/2020 5:47', '69747553F'),
('03/07/2021 21:07', '88163219E'),
('02/05/2020 7:51', '15787945F'),
('26/04/2020 21:02', '85233091I'),
('04/10/2021 17:50', '83387724J'),
('28/10/2021 22:48', '64154116M'),
('14/02/2021 6:29', '81638098X'),
('14/01/2021 21:43', '02248570Z'),
('20/03/2021 11:37', '48790481I'),
('11/04/2021 22:08', '20346223G'),
('17/10/2020 2:58', '63309877N'),
('17/01/2021 12:57', '55660191G'),
('04/08/2021 10:43', '88128246B'),
('19/01/2021 16:29', '62725560B'),
('20/04/2021 15:42', '96827288L'),
('25/06/2020 20:25', '96197277K'),
('15/09/2021 16:07', '51869184K'),
('20/02/2021 8:56', '24196190E'),
('02/11/2020 11:50', '22343720T'),
('21/01/2020 9:40', '10348845P'),
('30/01/2020 22:12', '83822722B'),
('24/04/2020 20:22', '32375691A'),
('23/03/2020 16:27', '30943334S'),
('10/08/2021 17:27', '15126734R'),
('29/03/2020 7:24', '15814997R'),
('30/10/2021 16:00', '98061295J'),
('26/02/2020 1:18', '37044001T'),
('21/12/2021 2:18', '63309877N'),
('17/03/2020 19:40', '34881853Y'),
('22/04/2020 19:22', '71759988T'),
('14/12/2020 5:54', '30251367K'),
('20/11/2021 19:37', '89355583E'),
('10/01/2021 1:36', '28393952U'),
('14/02/2021 9:57', '50792617E'),
('03/12/2021 12:06', '27130282Q'),
('31/12/2020 17:11', '95887472A'),
('10/10/2020 14:41', '59505060C'),
('27/09/2020 22:09', '55660191G'),
('01/09/2020 21:39', '25849415D'),
('22/11/2020 6:47', '85604071D'),
('25/04/2020 16:08', '85233091I'),
('05/05/2021 15:46', '09004401N'),
('22/08/2021 13:13', '93818862Z'),
('04/10/2020 7:41', '11775248T'),
('25/06/2021 23:08', '83867077N'),
('20/04/2021 20:44', '14181138Y'),
('06/04/2020 10:41', '90656609R'),
('29/10/2021 10:15', '64304136M'),
('13/12/2021 3:43', '20346223G'),
('03/09/2021 15:28', '96827288L'),
('23/02/2020 5:59', '77715571I'),
('17/10/2020 23:43', '41076593L'),
('12/12/2020 18:54', '90536806J'),
('28/04/2021 20:35', '88128246B'),
('24/03/2020 14:40', '81638098X'),
('21/02/2020 5:06', '51458200F'),
('26/11/2020 7:54', '69747553F'),
('04/11/2020 2:54', '28393952U'),
('05/01/2022 8:38', '59304959L'),
('29/02/2020 1:10', '07237158L'),
('21/12/2020 15:33', '73378404O'),
('11/08/2021 11:03', '92489385G'),
('22/09/2021 16:03', '18560508D'),
('28/06/2020 6:36', '04764161O'),
('07/10/2021 13:01', '55595532E'),
('18/12/2021 9:43', '59304959L'),
('12/07/2020 2:30', '01444092H'),
('31/10/2021 22:09', '93650646H'),
('19/08/2020 6:21', '81638098X'),
('29/12/2020 3:45', '51869184K'),
('16/07/2021 14:16', '63801472F'),
('29/11/2020 6:32', '10612635J'),
('16/04/2020 7:37', '98061295J'),
('27/05/2021 9:38', '13971120C'),
('17/09/2021 9:06', '16340078W'),
('27/07/2021 12:12', '77379043K'),
('16/09/2021 9:01', '14181138Y'),
('02/03/2020 12:42', '29739235S'),
('28/06/2021 18:30', '22326155E'),
('11/10/2021 5:53', '76273386W'),
('20/08/2020 11:01', '23893883O'),
('13/08/2021 13:57', '95887472A'),
('14/03/2020 9:40', '95561622E'),
('22/01/2020 20:35', '38959692U'),
('29/08/2020 7:08', '60908602O'),
('05/12/2021 12:27', '22326155E'),
('15/06/2020 9:17', '87861043J'),
('04/04/2021 2:29', '44543465K'),
('01/05/2020 22:28', '98306331Y'),
('18/05/2021 22:57', '04102303N'),
('16/05/2020 1:48', '43453975P'),
('05/01/2022 17:54', '49211234L'),
('01/09/2020 8:27', '34948802Y'),
('13/09/2021 16:09', '60244007F'),
('01/09/2021 5:01', '83471362I'),
('17/11/2020 0:22', '14445087H'),
('07/09/2021 23:31', '44908054L'),
('08/05/2020 8:24', '34892941J'),
('29/12/2021 9:03', '85923979E'),
('19/05/2021 19:06', '51869184K'),
('29/09/2020 2:54', '78711021N'),
('05/03/2021 14:22', '74645379X'),
('01/06/2021 20:06', '92489385G'),
('11/01/2022 6:14', '98306331Y'),
('03/03/2021 23:40', '85923979E'),
('23/01/2020 5:42', '10389013I'),
('17/09/2020 23:45', '88163219E'),
('28/03/2021 0:28', '17097648P'),
('22/09/2021 2:27', '58680373N'),
('20/11/2021 3:58', '83867077N'),
('03/10/2020 6:06', '85923979E'),
('06/12/2020 11:39', '09398830J'),
('21/07/2020 6:19', '44543465K'),
('12/02/2021 1:59', '94516688T'),
('25/09/2021 17:19', '58680373N'),
('09/01/2022 0:27', '30251367K'),
('26/08/2021 11:40', '67069073A'),
('16/12/2020 8:32', '97183944B'),
('04/09/2021 22:09', '54577840R'),
('17/11/2020 13:25', '49301661D'),
('27/10/2021 9:15', '92489385G'),
('01/06/2020 1:31', '08442195R'),
('29/05/2020 2:15', '59505060C'),
('08/12/2021 4:39', '83567488F'),
('07/12/2021 17:23', '48790481I'),
('20/03/2021 4:04', '64304136M'),
('31/08/2021 19:03', '04102303N'),
('19/05/2020 19:48', '13971120C'),
('21/02/2021 4:11', '50282194O'),
('13/06/2020 18:19', '98306331Y'),
('07/12/2020 4:44', '17756065Z'),
('29/12/2020 4:20', '50539069I'),
('29/04/2021 9:44', '07237158L'),
('24/12/2020 17:35', '07024478Z'),
('30/12/2020 8:04', '57115187O'),
('04/01/2021 12:31', '80509470V'),
('29/03/2020 22:25', '39106423D'),
('12/05/2020 0:18', '21650526R'),
('12/01/2022 9:54', '55390087T'),
('29/06/2020 4:19', '19452676R'),
('29/07/2021 5:02', '52677377H'),
('14/11/2020 4:50', '83471362I'),
('16/03/2020 18:06', '83471362I'),
('09/10/2021 22:59', '13936224A'),
('15/04/2021 23:37', '96827288L'),
('05/09/2021 10:09', '83387724J'),
('11/04/2020 7:33', '47104883P'),
('16/04/2020 5:09', '72093672O'),
('27/02/2021 11:08', '23589070M'),
('18/01/2022 8:30', '71759988T'),
('20/01/2021 22:34', '44288618I'),
('10/05/2020 19:15', '15710715C'),
('26/11/2021 2:32', '09432389V'),
('16/12/2020 9:38', '81730363C'),
('27/10/2020 4:45', '08835563Q'),
('28/04/2021 7:57', '39106423D'),
('15/04/2021 5:38', '47781485F'),
('25/05/2021 6:35', '37177806L'),
('21/04/2021 4:16', '18560508D'),
('13/10/2021 10:16', '96293037M'),
('16/12/2020 23:01', '16340078W'),
('11/04/2021 20:48', '39765467S'),
('18/09/2020 5:15', '44735870Z'),
('13/09/2020 16:11', '39016332B'),
('20/01/2022 15:46', '68950387U'),
('03/12/2020 22:58', '07237158L'),
('13/10/2020 22:57', '67710933V'),
('21/01/2020 3:14', '11511208D'),
('20/04/2021 4:28', '55660191G'),
('19/09/2021 0:00', '61886546P'),
('28/12/2020 21:26', '49301661D'),
('02/02/2020 17:58', '48951424P'),
('25/08/2020 9:12', '85865509L'),
('18/03/2021 9:41', '74489396T'),
('29/12/2021 11:43', '12513489W'),
('16/09/2021 6:06', '11775248T'),
('01/12/2021 18:33', '33094835C'),
('13/01/2022 8:39', '26812986Y'),
('07/06/2021 14:53', '97183944B'),
('08/08/2021 5:31', '38032979K'),
('20/04/2021 14:26', '48798627J'),
('13/06/2020 23:18', '62725560B'),
('30/09/2020 12:41', '60460984N'),
('29/04/2020 12:14', '83403579R'),
('22/08/2021 21:02', '19491297E'),
('28/10/2020 19:45', '19853494X'),
('08/03/2020 18:18', '85604071D'),
('29/08/2020 17:12', '06873779X'),
('29/11/2021 6:29', '55595532E'),
('01/08/2020 19:25', '44735870Z'),
('17/01/2022 2:59', '92489385G'),
('14/02/2021 3:53', '38959692U'),
('27/02/2020 7:33', '08346101N'),
('05/11/2020 15:19', '10150618D'),
('20/01/2022 9:01', '41632223V'),
('19/05/2020 20:54', '60460984N'),
('25/02/2020 20:58', '93818862Z'),
('03/07/2020 18:37', '44586839W'),
('17/11/2021 1:46', '18560508D'),
('30/07/2020 15:35', '11775248T'),
('23/01/2020 7:07', '00478502G'),
('12/06/2021 0:15', '01444092H'),
('30/08/2020 21:59', '97183944B'),
('18/11/2020 11:10', '74158085V'),
('28/02/2021 19:25', '44586839W'),
('25/12/2020 14:30', '48798627J'),
('31/01/2020 3:47', '44908054L'),
('30/03/2020 12:05', '80509470V'),
('01/06/2020 4:06', '05413326Q'),
('17/01/2022 18:41', '88163219E'),
('23/04/2020 21:47', '57115793F'),
('05/11/2021 20:47', '74900207C'),
('05/01/2021 3:54', '13971120C'),
('17/07/2021 10:55', '40738718G'),
('12/11/2021 6:30', '49462976P'),
('17/07/2020 7:39', '24646636S'),
('23/09/2021 7:40', '49211234L'),
('25/11/2020 21:58', '88667236Z'),
('18/05/2021 5:26', '22035704Z'),
('01/10/2021 19:09', '69747553F'),
('19/01/2021 13:55', '44739541W'),
('03/03/2021 20:45', '23798301Q'),
('16/06/2020 18:46', '47668872G'),
('11/12/2020 4:17', '05166903W'),
('10/12/2020 20:53', '90536806J'),
('01/08/2021 7:37', '15964983A'),
('12/01/2021 4:01', '85923979E'),
('02/04/2021 16:13', '34576533W'),
('24/12/2020 10:55', '10348845P'),
('07/10/2021 9:19', '90750128T'),
('06/06/2020 17:38', '41076593L'),
('09/01/2022 10:31', '70914569I'),
('18/09/2020 5:00', '32375691A'),
('17/10/2020 9:38', '83567488F'),
('10/04/2020 10:24', '09432389V'),
('24/11/2020 15:37', '80509470V'),
('19/03/2020 9:45', '13971120C'),
('25/10/2021 11:13', '08835563Q'),
('07/08/2021 18:57', '77715571I'),
('26/12/2020 12:11', '67710933V'),
('20/01/2021 21:13', '51869184K'),
('10/10/2020 3:06', '43523715C'),
('05/10/2020 23:26', '10847342Q'),
('05/07/2020 19:02', '02117281L'),
('13/09/2020 23:00', '32375691A'),
('13/01/2022 5:46', '22343720T'),
('06/06/2021 12:14', '39455145B'),
('09/09/2020 18:14', '62725560B'),
('24/12/2020 15:26', '04386248A'),
('07/10/2021 12:52', '19452676R'),
('10/11/2021 6:32', '90401388L'),
('25/01/2021 5:00', '25862107C'),
('16/06/2021 18:32', '71759988T'),
('18/12/2021 3:13', '84313147T'),
('21/05/2021 11:24', '44288618I'),
('01/01/2022 19:42', '33094835C'),
('08/02/2021 14:46', '17756065Z'),
('25/03/2021 2:36', '73301297E'),
('14/01/2021 15:26', '28393952U'),
('18/08/2021 3:06', '21650526R'),
('10/12/2021 6:28', '80901456A'),
('15/08/2020 6:21', '28365247G'),
('14/09/2020 6:47', '89647909T'),
('02/08/2020 11:03', '72093672O'),
('28/06/2021 10:16', '81638098X'),
('01/12/2020 11:25', '49741926A'),
('14/12/2020 8:17', '50792617E'),
('27/12/2020 18:51', '57115793F'),
('08/03/2020 12:05', '08442195R'),
('15/12/2020 14:34', '06873779X'),
('20/12/2021 16:07', '09004401N'),
('15/05/2021 23:00', '96558052N'),
('13/01/2021 10:28', '39016332B'),
('11/07/2020 22:36', '25849415D'),
('02/04/2021 11:24', '30251367K'),
('18/01/2020 4:22', '78060614D'),
('18/08/2021 19:56', '23945899S'),
('20/06/2020 0:20', '44908054L'),
('25/07/2021 3:23', '10612635J'),
('06/03/2020 6:18', '70614082R'),
('21/03/2021 7:46', '85923979E'),
('30/07/2020 12:45', '39455145B'),
('08/02/2021 14:11', '50792617E'),
('21/03/2020 19:20', '16340078W'),
('06/06/2020 15:15', '94071656C'),
('28/01/2020 18:42', '13493854L'),
('10/07/2021 18:35', '78060614D'),
('12/08/2020 1:08', '98306331Y'),
('10/08/2021 2:12', '48790481I'),
('09/07/2021 9:19', '60587898K'),
('17/01/2022 9:03', '93650646H'),
('02/01/2022 9:12', '05413326Q'),
('01/07/2020 10:37', '63801472F'),
('22/01/2020 23:50', '77715571I'),
('12/11/2021 6:26', '41076593L'),
('27/06/2021 15:00', '41076593L'),
('09/04/2021 20:40', '19853494X'),
('16/10/2021 21:16', '00478502G'),
('29/07/2020 18:28', '83567488F'),
('28/11/2021 15:43', '70914569I'),
('10/06/2020 23:07', '27130282Q'),
('18/03/2020 11:09', '13493854L'),
('20/03/2021 11:24', '09004401N'),
('16/03/2020 8:42', '84313147T'),
('16/09/2020 0:58', '19948360Z'),
('30/10/2020 10:28', '10389013I'),
('27/11/2021 14:59', '61886546P'),
('11/11/2021 4:11', '68598967I'),
('08/05/2020 4:17', '09432389V'),
('26/10/2021 14:59', '43570367F'),
('02/08/2020 4:06', '48951424P'),
('04/02/2020 4:55', '18560508D'),
('13/07/2020 5:51', '93818862Z'),
('27/05/2021 19:13', '01952247R'),
('27/09/2020 5:44', '95887472A'),
('02/11/2021 20:40', '30251367K'),
('14/02/2020 10:40', '39016332B'),
('14/11/2020 21:27', '50792617E'),
('04/11/2020 12:47', '33681373P'),
('08/03/2021 23:01', '97180390B'),
('05/04/2020 20:48', '85129167T'),
('15/09/2021 17:39', '07523077Y'),
('13/02/2020 20:48', '50539069I'),
('28/05/2020 0:26', '37422889C'),
('13/09/2021 10:01', '98728921D'),
('11/03/2020 9:11', '15126734R'),
('09/09/2020 9:08', '94516688T'),
('22/06/2020 0:05', '30943334S'),
('04/05/2021 9:31', '60587898K'),
('16/09/2020 4:00', '73378404O'),
('25/10/2021 19:50', '52807312S'),
('07/03/2021 13:55', '26812986Y'),
('26/06/2021 12:30', '51859603G'),
('13/12/2021 12:33', '49779945I'),
('03/05/2020 22:13', '90656609R'),
('18/07/2020 6:37', '19452676R'),
('17/08/2020 16:32', '07932086K'),
('13/01/2021 22:01', '19491297E'),
('20/09/2020 23:21', '00478502G'),
('02/06/2021 17:24', '68598967I'),
('01/04/2020 19:54', '93650646H'),
('13/01/2021 20:26', '03516902Z'),
('09/05/2021 11:36', '09966884Y'),
('22/10/2020 22:43', '10612635J'),
('17/02/2021 6:55', '50282194O'),
('19/10/2021 6:51', '97183944B'),
('23/01/2020 21:15', '95561622E'),
('05/08/2020 1:10', '49784098N'),
('24/05/2021 8:35', '29739235S'),
('21/04/2021 1:04', '88447591W'),
('06/09/2020 20:53', '85604071D'),
('27/02/2021 23:14', '07523077Y'),
('31/07/2020 20:19', '83822722B'),
('10/06/2021 15:38', '69429668G'),
('22/12/2020 6:08', '04764161O'),
('21/06/2021 2:53', '04764161O'),
('18/09/2021 15:30', '49301661D'),
('26/01/2020 22:48', '51859603G'),
('25/01/2021 4:41', '17658099T'),
('24/08/2020 18:19', '30943334S'),
('29/08/2021 5:30', '60460984N'),
('29/05/2020 3:38', '90656609R'),
('31/01/2021 9:35', '80450359A'),
('04/06/2021 17:18', '10150618D'),
('03/05/2021 20:57', '47104883P'),
('21/10/2020 15:31', '02986433V'),
('29/12/2021 18:32', '01952247R'),
('14/01/2022 14:11', '63801472F'),
('07/12/2020 10:49', '22343720T'),
('07/01/2021 4:30', '15003716U'),
('30/08/2021 12:03', '70385407O'),
('07/08/2021 21:16', '30858005R'),
('17/02/2020 13:01', '90401388L'),
('07/11/2020 6:47', '91903308V'),
('23/06/2020 18:38', '22035704Z'),
('22/03/2020 9:04', '38959692U'),
('27/02/2021 10:50', '94516688T'),
('18/01/2021 18:03', '83822722B'),
('11/02/2020 7:54', '07523077Y'),
('12/09/2021 2:18', '83567488F'),
('14/05/2020 6:11', '04764161O'),
('03/10/2021 16:50', '49981501W'),
('29/06/2020 11:08', '50792617E'),
('22/02/2021 0:20', '51095185U'),
('13/07/2020 20:13', '92489385G'),
('19/04/2021 14:49', '88447591W'),
('11/12/2021 11:17', '08835563Q'),
('14/08/2021 0:51', '12231337O'),
('07/04/2021 17:02', '51095185U'),
('09/05/2021 17:15', '89355583E'),
('06/01/2022 10:45', '32147592B'),
('24/04/2021 3:16', '47668872G'),
('28/11/2021 8:26', '49301661D'),
('25/09/2021 0:43', '49211234L'),
('02/10/2020 14:33', '85478710Z'),
('26/08/2021 18:49', '00826447E'),
('13/10/2020 7:38', '76273386W'),
('13/04/2021 20:12', '71759988T'),
('21/11/2020 17:07', '14445087H'),
('05/12/2020 21:10', '14445087H'),
('16/08/2020 2:20', '07024478Z'),
('28/09/2021 17:18', '19491297E'),
('24/06/2020 3:05', '49784098N'),
('14/12/2020 22:39', '91903308V'),
('03/08/2021 7:08', '38959692U'),
('03/07/2021 5:03', '64154116M'),
('08/06/2021 19:07', '95277835M'),
('16/08/2021 22:56', '39455145B'),
('13/05/2020 9:36', '67674405N'),
('20/02/2020 22:48', '41632223V'),
('10/08/2021 2:43', '44735870Z'),
('11/04/2021 16:14', '80509470V'),
('26/07/2021 7:42', '98306331Y'),
('07/07/2021 11:36', '11511208D'),
('14/01/2021 14:22', '85129167T'),
('28/08/2021 6:01', '85865509L'),
('19/08/2021 8:06', '83403579R'),
('12/10/2020 5:58', '75437444A'),
('26/05/2020 8:08', '00905929C'),
('14/10/2021 12:08', '20346223G'),
('05/10/2020 2:11', '90750128T'),
('15/02/2020 22:10', '46989276F'),
('03/05/2021 22:55', '61886546P'),
('29/04/2021 7:14', '80509470V'),
('29/10/2020 16:32', '05166903W'),
('01/01/2022 8:56', '39765467S'),
('17/12/2020 22:48', '90750128T'),
('13/12/2021 13:17', '78711021N'),
('12/07/2021 9:39', '24646636S'),
('25/08/2021 10:54', '96197277K'),
('16/10/2020 1:18', '93398316S'),
('01/06/2020 9:49', '44543465K'),
('27/12/2021 2:07', '32962060S'),
('22/12/2020 5:57', '07932086K'),
('09/08/2021 22:04', '05413326Q'),
('07/02/2021 2:14', '51458200F'),
('19/08/2020 23:00', '34881853Y'),
('15/09/2020 6:45', '24646636S'),
('12/07/2021 5:51', '48790481I'),
('20/02/2021 17:53', '93650646H'),
('12/12/2020 10:08', '10150618D'),
('16/04/2020 11:25', '50282194O'),
('16/02/2021 4:07', '14181138Y'),
('19/10/2020 20:37', '48822976P'),
('13/05/2021 6:04', '11511208D'),
('01/06/2020 11:22', '19452676R'),
('21/07/2020 14:25', '21586375H'),
('12/10/2020 18:47', '46482388O'),
('06/07/2021 3:48', '94071656C'),
('09/04/2020 19:30', '64154116M'),
('26/03/2020 4:43', '21586375H'),
('22/02/2020 5:10', '24196190E'),
('03/11/2021 18:27', '61886546P'),
('05/03/2020 17:54', '71957315P'),
('18/02/2020 9:14', '88163219E'),
('06/02/2021 0:32', '29739235S'),
('02/07/2020 12:28', '49462976P'),
('30/08/2021 11:15', '46482388O'),
('15/08/2021 22:31', '70385407O'),
('19/12/2021 22:34', '83171173N'),
('25/10/2021 1:56', '22326155E'),
('17/11/2020 23:36', '44866137O'),
('21/02/2021 15:18', '05413326Q'),
('23/12/2020 1:36', '38959692U'),
('07/08/2021 16:08', '85865509L'),
('05/05/2021 22:01', '52026107O'),
('10/10/2021 3:47', '40414900Z'),
('02/07/2021 5:41', '17097648P'),
('25/10/2020 1:03', '83171173N'),
('22/11/2021 2:47', '33301410W'),
('12/09/2020 7:54', '10150618D'),
('08/01/2021 1:23', '97180390B'),
('05/01/2022 8:56', '29739235S'),
('30/03/2021 16:25', '60244007F'),
('29/08/2021 1:01', '79219668C'),
('16/09/2021 21:22', '24196190E'),
('19/09/2020 8:56', '44543465K'),
('01/04/2020 10:03', '34948802Y'),
('31/07/2021 0:42', '71844676Y'),
('23/11/2020 0:53', '17097648P'),
('27/02/2021 22:32', '20435288L'),
('05/05/2020 16:01', '46482388O'),
('02/12/2020 18:57', '44288618I'),
('27/10/2021 10:10', '88667236Z'),
('01/06/2020 22:37', '34892941J'),
('16/12/2020 21:16', '27130282Q'),
('03/07/2021 0:45', '87964244K'),
('09/08/2020 0:05', '25862107C'),
('29/08/2020 9:57', '17097648P'),
('24/12/2021 21:03', '09004401N'),
('22/03/2020 15:54', '46482388O'),
('07/01/2021 18:53', '57115793F'),
('30/03/2021 22:48', '08835563Q'),
('03/04/2021 15:29', '85233091I'),
('01/05/2020 1:34', '20249673A'),
('31/03/2020 10:05', '69747553F'),
('30/12/2020 9:36', '02699170R'),
('25/03/2021 12:07', '83171173N'),
('25/07/2021 3:52', '39765467S'),
('20/03/2021 12:08', '07474358M'),
('08/12/2020 6:23', '38959692U'),
('12/02/2021 22:05', '95887472A'),
('21/04/2021 2:55', '66181018O'),
('14/03/2020 4:45', '87964244K'),
('16/04/2021 13:00', '02413608V'),
('23/01/2021 23:01', '34235720I'),
('13/12/2020 18:55', '39016332B'),
('06/08/2021 12:53', '75616205F'),
('24/12/2020 11:25', '98551276D'),
('12/04/2021 3:51', '58680373N'),
('04/08/2021 20:44', '64154116M'),
('24/12/2020 6:05', '32715147I'),
('02/09/2020 15:41', '22035704Z'),
('13/02/2020 2:19', '51859603G'),
('30/03/2020 1:33', '57500360O'),
('10/01/2022 1:35', '50282194O'),
('12/11/2020 9:36', '52026107O'),
('27/10/2020 20:24', '77016091P'),
('12/01/2022 1:46', '22035704Z'),
('31/12/2020 18:03', '74489396T'),
('20/04/2020 22:44', '74489396T'),
('14/06/2021 5:53', '12231337O'),
('22/05/2020 5:34', '80901456A'),
('28/10/2020 16:03', '47034188A'),
('08/10/2020 10:51', '09004401N'),
('21/02/2021 2:19', '72093672O'),
('05/04/2021 16:14', '88592811K'),
('18/10/2021 6:38', '24196190E'),
('28/02/2021 20:51', '44866137O'),
('07/03/2021 6:49', '47034188A'),
('11/10/2021 16:22', '04102303N'),
('10/08/2020 6:36', '32375691A'),
('14/02/2021 23:42', '93818862Z'),
('06/02/2021 23:54', '77715571I'),
('05/02/2020 10:58', '98589528K'),
('11/08/2020 6:32', '89127273Q'),
('13/05/2021 17:32', '83567488F'),
('03/08/2020 10:44', '74158085V'),
('15/07/2020 18:30', '44739541W'),
('02/11/2020 12:58', '10612635J'),
('08/12/2020 8:57', '50282194O'),
('31/08/2020 0:04', '54577840R'),
('07/03/2020 14:16', '02986433V'),
('23/04/2020 12:24', '17658099T'),
('22/07/2021 20:00', '21498392X'),
('29/11/2020 13:24', '07024478Z'),
('15/11/2021 21:44', '68598967I'),
('13/01/2021 22:46', '44908054L'),
('13/05/2021 2:01', '88667236Z'),
('31/10/2020 20:10', '47104883P'),
('26/10/2020 20:34', '58680373N'),
('15/09/2021 11:41', '43453975P'),
('25/01/2020 19:18', '37044001T'),
('04/05/2021 7:14', '10612635J'),
('18/05/2020 14:59', '98306331Y'),
('02/11/2021 21:08', '70385407O'),
('31/10/2020 2:08', '43895660U'),
('04/04/2020 19:04', '39455145B'),
('26/04/2021 23:39', '21498392X'),
('07/11/2020 22:37', '37194034E'),
('05/02/2021 7:03', '68598967I'),
('19/10/2021 16:17', '22343720T'),
('04/05/2021 18:00', '98061295J'),
('26/08/2021 7:17', '32962060S'),
('27/06/2020 4:05', '11775248T'),
('08/06/2021 11:12', '10612635J'),
('07/01/2022 9:18', '20435288L'),
('28/09/2020 0:14', '77715571I'),
('04/09/2020 22:00', '32147592B'),
('04/06/2020 6:56', '19948360Z'),
('11/09/2020 15:02', '86488833K'),
('22/12/2021 21:14', '32715147I'),
('13/10/2020 17:33', '85233091I'),
('18/02/2020 20:37', '32962060S'),
('02/12/2020 21:32', '64467344T'),
('11/11/2020 1:47', '44543465K'),
('30/07/2020 21:14', '32390620B'),
('09/09/2020 4:38', '11511208D'),
('17/12/2021 14:36', '80450359A'),
('07/12/2020 9:07', '28839771C'),
('09/08/2020 16:59', '08442195R'),
('11/01/2021 23:08', '60908602O'),
('15/09/2020 14:25', '25862107C'),
('26/10/2020 23:35', '18560508D'),
('14/02/2020 15:17', '19491297E'),
('25/12/2021 8:29', '95887472A'),
('15/02/2021 15:27', '10150618D'),
('25/05/2020 21:33', '07024478Z'),
('25/09/2020 14:59', '07024478Z'),
('14/02/2020 13:50', '60763011H'),
('17/03/2020 18:43', '80901456A'),
('04/11/2021 15:07', '98522797W'),
('22/01/2022 9:28', '73378404O'),
('30/10/2021 0:08', '83403579R'),
('26/09/2020 19:20', '78060614D'),
('28/09/2021 13:34', '32375691A'),
('03/01/2021 23:35', '15710715C'),
('15/12/2020 15:43', '96293037M'),
('08/05/2021 20:54', '74489396T'),
('27/11/2020 2:04', '17097648P'),
('29/04/2020 10:23', '73378404O'),
('22/12/2021 9:35', '15025506P'),
('05/12/2021 14:07', '49942071J'),
('14/10/2020 16:25', '17097648P'),
('20/01/2021 16:01', '02986433V'),
('11/05/2021 7:22', '33301410W'),
('28/01/2021 4:06', '26129697V'),
('20/06/2021 23:47', '51869184K'),
('24/09/2020 13:40', '33681373P'),
('14/09/2020 9:42', '97040799J'),
('21/12/2020 8:22', '72093672O'),
('22/09/2020 21:39', '97040799J'),
('13/01/2021 17:34', '23893883O'),
('01/09/2020 1:44', '39016332B'),
('06/03/2021 5:49', '69429668G'),
('28/04/2020 13:26', '88592811K'),
('08/08/2020 8:50', '52677377H'),
('25/07/2021 5:00', '92040231Z'),
('23/02/2021 4:06', '23893883O'),
('19/03/2020 5:14', '19853494X'),
('21/11/2021 2:47', '10348845P'),
('15/06/2021 9:15', '44288618I'),
('04/08/2020 8:36', '24196190E'),
('22/12/2020 6:59', '04102303N'),
('20/12/2020 1:51', '69429668G'),
('08/12/2021 8:35', '98589528K'),
('27/08/2020 3:51', '21498392X'),
('04/09/2021 11:31', '60587898K'),
('26/02/2020 4:38', '34892941J'),
('02/11/2020 17:34', '35256819A'),
('21/09/2021 15:01', '93891620I'),
('03/07/2020 23:03', '66181018O'),
('11/12/2021 13:31', '38173758W'),
('27/06/2020 15:43', '28839771C'),
('03/03/2021 15:47', '85478710Z'),
('13/05/2020 5:08', '22343720T'),
('12/02/2020 22:18', '59505060C'),
('24/06/2021 11:15', '78060614D'),
('18/09/2020 19:33', '83387724J'),
('12/11/2021 14:28', '85353954N'),
('10/12/2020 21:05', '98551276D'),
('01/02/2021 13:32', '48798627J'),
('29/01/2020 1:05', '88667236Z'),
('04/02/2020 20:39', '43453975P'),
('29/07/2020 14:37', '50282194O'),
('06/07/2020 4:37', '98551276D'),
('28/10/2020 5:30', '88667236Z'),
('18/06/2020 18:38', '90536806J'),
('27/06/2020 5:32', '25862107C'),
('16/02/2021 18:14', '60763011H'),
('16/02/2021 13:01', '19491297E'),
('17/08/2021 13:40', '67674405N'),
('09/07/2020 21:45', '20346223G'),
('10/04/2020 11:15', '43523715C'),
('30/01/2021 16:02', '34881853Y'),
('04/04/2021 18:09', '43523715C'),
('27/01/2020 0:09', '94071656C'),
('11/03/2021 14:50', '46200957U'),
('27/02/2021 13:58', '20435288L'),
('07/04/2021 11:36', '11511208D'),
('12/02/2021 6:09', '79219668C'),
('27/04/2020 17:28', '44543465K'),
('25/06/2020 3:57', '66181018O'),
('19/10/2021 2:48', '08442195R'),
('05/05/2021 15:20', '88128246B'),
('06/05/2021 9:54', '63801472F'),
('16/04/2021 23:17', '86488833K'),
('15/08/2021 17:20', '38231274X'),
('12/11/2021 2:34', '69429668G'),
('16/01/2022 11:38', '83171173N'),
('20/10/2020 1:57', '83387724J'),
('21/03/2020 6:33', '12231337O'),
('27/03/2021 13:44', '77016091P'),
('09/03/2021 22:21', '52026107O'),
('07/09/2021 18:30', '38173758W'),
('18/06/2021 1:35', '44739541W'),
('06/04/2020 7:08', '32375691A'),
('18/02/2021 10:31', '96827288L'),
('30/04/2020 16:07', '02699170R'),
('29/08/2021 12:11', '54577840R'),
('27/09/2021 14:47', '48798627J'),
('17/04/2021 23:47', '29739235S'),
('06/10/2020 18:00', '28365247G'),
('01/06/2021 12:41', '19452676R'),
('09/01/2021 3:28', '52807312S'),
('07/07/2021 8:05', '37177806L'),
('02/06/2020 2:26', '09398830J'),
('28/03/2021 0:36', '33681373P'),
('30/12/2021 23:44', '30557234A'),
('22/06/2020 18:35', '85923979E'),
('18/08/2021 9:36', '22035704Z'),
('13/12/2021 9:58', '48951424P'),
('06/07/2020 17:47', '83567488F'),
('04/12/2021 23:46', '47034188A'),
('05/12/2020 8:41', '71759988T'),
('25/04/2021 1:24', '47668872G'),
('18/05/2021 5:28', '94295047J'),
('19/07/2020 8:53', '70385407O'),
('19/06/2020 6:44', '55390087T'),
('21/05/2021 8:24', '85604071D'),
('18/10/2020 15:31', '28393952U'),
('05/11/2020 4:47', '08346101N'),
('18/11/2021 15:54', '87964244K'),
('31/08/2020 10:01', '33681373P'),
('08/10/2021 8:02', '90656609R'),
('02/06/2020 7:38', '49741926A'),
('19/09/2021 11:43', '52026107O'),
('13/08/2021 8:10', '19853494X'),
('21/12/2021 2:17', '49779945I'),
('15/11/2020 17:32', '12763860B'),
('26/11/2021 4:14', '12473528W'),
('20/12/2021 5:36', '20435288L'),
('16/04/2020 15:45', '67069073A'),
('28/06/2021 23:14', '73378404O'),
('01/01/2022 18:46', '85865509L'),
('28/02/2021 3:47', '81730363C'),
('21/01/2022 17:14', '00905929C'),
('31/03/2021 22:46', '23893883O'),
('10/01/2021 18:40', '05166903W'),
('20/11/2021 16:43', '07932086K'),
('19/12/2021 1:58', '26812986Y'),
('07/02/2020 6:15', '78711021N'),
('25/12/2021 19:10', '43523715C'),
('28/09/2020 14:23', '49211234L'),
('08/07/2021 1:53', '33923387X'),
('11/01/2022 7:18', '33681373P'),
('03/03/2020 13:59', '28839771C'),
('08/02/2021 13:12', '59505060C'),
('01/01/2021 16:49', '94295047J'),
('13/07/2021 5:03', '74489396T'),
('12/09/2021 17:49', '10612635J'),
('18/12/2020 8:05', '16340078W'),
('04/06/2021 2:27', '46482388O'),
('25/06/2021 21:13', '12763860B'),
('04/07/2021 19:03', '59505060C'),
('06/02/2021 20:57', '72269237O'),
('20/08/2020 15:03', '17756065Z'),
('02/09/2020 10:31', '39016332B'),
('20/09/2020 7:26', '89355583E'),
('18/11/2021 22:09', '79219668C'),
('27/04/2020 6:27', '20346223G'),
('08/06/2021 1:50', '85865509L'),
('06/12/2020 9:58', '97180390B'),
('25/07/2021 4:48', '49605283F'),
('06/05/2020 3:03', '47034188A'),
('01/06/2021 16:29', '21498392X'),
('21/01/2020 20:25', '37044001T'),
('05/07/2021 12:01', '10150618D'),
('07/11/2021 9:23', '08564943T'),
('19/01/2021 10:54', '44735870Z'),
('11/04/2021 23:03', '67069073A'),
('27/02/2020 14:33', '15003716U'),
('28/09/2021 9:01', '91932246M'),
('18/11/2021 4:36', '44543465K'),
('14/09/2020 9:00', '49741926A'),
('14/12/2021 7:47', '22035704Z'),
('15/12/2021 19:28', '46200957U'),
('26/05/2020 5:00', '41632223V'),
('28/05/2021 18:19', '63801472F'),
('23/10/2021 1:23', '43453975P'),
('07/08/2020 13:50', '63309877N'),
('23/05/2021 20:17', '11775248T'),
('16/09/2021 16:16', '76273386W'),
('27/07/2021 19:07', '10389013I'),
('28/04/2020 16:15', '41632223V'),
('13/10/2021 12:43', '74354791B'),
('20/12/2020 5:47', '45669088P'),
('25/06/2020 15:45', '58680373N'),
('07/07/2021 11:32', '15003716U'),
('20/04/2020 7:28', '08564943T'),
('12/12/2021 7:23', '72269237O'),
('22/05/2020 7:48', '19452676R'),
('04/11/2020 9:42', '80450359A'),
('30/01/2021 23:34', '83556889D'),
('16/07/2020 11:13', '69429668G'),
('05/07/2020 14:41', '83387724J'),
('09/07/2021 9:59', '95887472A'),
('17/09/2020 9:01', '38231274X'),
('23/07/2020 12:25', '11511208D'),
('25/11/2020 14:04', '71844676Y'),
('29/12/2021 4:01', '39455145B'),
('21/04/2020 20:51', '69747553F'),
('02/02/2021 6:52', '30251367K'),
('17/08/2021 19:19', '30251367K'),
('22/05/2020 16:30', '94071656C'),
('24/02/2021 12:45', '28393952U'),
('20/06/2021 3:44', '33094835C'),
('26/05/2021 19:56', '10348845P'),
('19/01/2021 8:49', '15126734R'),
('02/06/2020 13:22', '38231274X'),
('05/07/2020 4:41', '51095185U'),
('27/03/2020 4:12', '25862107C'),
('26/05/2020 22:18', '19948360Z'),
('10/04/2020 17:09', '30858005R'),
('14/12/2021 17:01', '07474358M'),
('21/11/2021 12:14', '34235720I'),
('15/02/2021 14:46', '15003716U'),
('26/06/2021 20:25', '10150618D'),
('29/05/2020 3:50', '02699170R'),
('05/07/2021 4:48', '10847342Q'),
('14/07/2020 21:55', '39106423D'),
('30/10/2020 3:28', '24210920O'),
('22/04/2021 11:27', '32390620B'),
('17/05/2021 22:49', '07523077Y'),
('23/07/2020 22:38', '09432389V'),
('01/12/2020 5:02', '91932246M'),
('26/11/2021 9:01', '96374329C'),
('11/04/2020 18:18', '60908602O'),
('08/07/2021 19:48', '37194034E'),
('29/05/2020 3:07', '38032979K'),
('29/05/2021 1:04', '70914569I'),
('30/12/2021 10:43', '95561622E'),
('13/12/2020 14:34', '51859603G'),
('28/02/2020 23:20', '95561622E'),
('07/07/2021 20:19', '95887472A'),
('28/01/2021 11:59', '55390087T'),
('21/10/2020 2:36', '86488833K'),
('17/01/2021 12:10', '14181138Y'),
('24/09/2021 3:51', '93818862Z'),
('15/12/2021 10:16', '16340078W'),
('02/05/2020 4:37', '17756065Z'),
('13/02/2021 15:45', '04386248A'),
('11/06/2020 3:09', '25849415D'),
('21/04/2020 10:07', '50792617E'),
('17/10/2020 10:41', '89647909T'),
('27/03/2020 0:06', '83567488F'),
('20/10/2020 16:27', '88128246B'),
('17/10/2021 20:07', '48822976P'),
('26/02/2020 23:41', '82582994O'),
('22/01/2020 3:49', '77016091P'),
('14/05/2020 22:26', '11775248T'),
('22/02/2021 19:43', '49741926A'),
('28/05/2020 23:20', '14445087H'),
('28/02/2021 14:07', '02248570Z'),
('29/08/2020 17:32', '18560508D'),
('17/06/2020 16:52', '09432389V'),
('01/07/2020 20:19', '52807312S'),
('15/01/2022 4:47', '47034188A'),
('10/04/2021 22:55', '50792617E'),
('16/02/2020 19:04', '20249673A'),
('19/07/2021 23:21', '97183944B'),
('14/05/2021 14:53', '51859603G'),
('19/04/2021 22:16', '89127273Q'),
('24/10/2020 4:26', '57115793F'),
('11/10/2021 13:01', '41632223V'),
('13/03/2021 22:59', '46482388O'),
('28/12/2020 21:43', '86488833K'),
('28/10/2021 15:40', '34892941J'),
('16/01/2021 5:43', '83171173N'),
('21/05/2021 9:16', '57500360O'),
('27/04/2020 8:13', '83822722B'),
('04/03/2021 8:59', '10348845P'),
('10/02/2020 14:58', '19452676R'),
('21/10/2021 22:38', '47781485F'),
('25/04/2020 8:27', '85923979E'),
('18/12/2021 11:05', '33681373P'),
('17/04/2020 16:16', '27130282Q'),
('14/09/2021 8:16', '64154116M'),
('05/02/2021 9:03', '34948802Y'),
('08/08/2021 9:17', '63309877N'),
('09/05/2020 17:50', '85233091I'),
('13/03/2020 6:08', '20435288L'),
('01/07/2021 19:22', '68598967I'),
('24/01/2020 5:56', '17756065Z'),
('17/05/2020 20:48', '78060614D'),
('25/03/2020 17:06', '08442195R'),
('04/08/2020 18:30', '19491297E'),
('09/02/2021 3:52', '33094835C'),
('06/10/2021 2:48', '90401388L'),
('05/10/2020 11:49', '95561622E'),
('04/03/2020 8:33', '85129167T'),
('15/09/2021 22:27', '77016091P'),
('01/02/2021 5:40', '04440212C'),
('18/01/2021 13:54', '34576533W'),
('10/09/2021 6:16', '25849415D'),
('19/02/2021 3:39', '32375691A'),
('27/07/2021 13:26', '44543465K'),
('08/06/2020 20:58', '29739235S'),
('04/09/2021 17:24', '83556889D'),
('25/01/2021 18:34', '83867077N'),
('29/04/2020 0:05', '21650526R'),
('22/08/2020 6:17', '32962060S'),
('20/04/2020 17:51', '34892941J'),
('23/10/2021 7:10', '85353954N'),
('01/08/2020 3:47', '71759988T'),
('03/08/2021 20:49', '43570367F'),
('24/08/2020 13:46', '68950387U'),
('19/01/2020 14:20', '85233091I'),
('30/09/2020 11:03', '12716055J'),
('29/06/2020 3:19', '32147592B'),
('06/03/2021 8:21', '48790481I'),
('10/09/2020 23:50', '49757530K'),
('17/05/2021 0:05', '19948360Z'),
('05/05/2021 20:00', '28393952U'),
('15/05/2021 5:27', '71844676Y'),
('27/01/2020 18:56', '73301297E'),
('27/01/2020 21:41', '57115793F'),
('23/09/2021 3:44', '29739235S'),
('04/07/2020 7:14', '48822976P'),
('30/01/2021 3:35', '60908602O'),
('17/05/2020 22:07', '67674405N'),
('04/04/2021 2:12', '79219668C'),
('29/12/2020 6:51', '07024478Z'),
('26/04/2021 21:27', '96197277K'),
('27/12/2021 9:30', '34576533W'),
('23/10/2021 18:28', '20346223G'),
('01/11/2020 11:55', '45669088P'),
('17/06/2020 3:37', '34881853Y'),
('19/11/2021 6:38', '00826447E'),
('06/05/2020 23:27', '09004401N'),
('23/09/2021 9:45', '55595532E'),
('12/05/2021 12:55', '90597725C'),
('09/04/2020 7:38', '40738718G'),
('24/06/2020 17:55', '94071656C'),
('18/11/2021 17:05', '89055188D'),
('18/02/2020 6:10', '58680373N'),
('25/02/2020 17:42', '48790481I'),
('23/03/2020 22:13', '30858005R'),
('19/03/2020 14:20', '46200957U'),
('03/11/2020 1:01', '12473528W');

INSERT INTO trabajos (id_trabajo, nombre)
VALUES (1, 'Auxiliar de enfermeria'),
(2,'Enfermero/a'),
(3,'Cocinero/a'),
(4,'Recursos humanos'),
(5,'Limpieza'),
(6,'Trabajador/a social'),
(7,'Podólogo/a'),
(8,'Fisiotrapeuta'),
(9,'Ayudante de cocina'),
(10,'Portero/a'),
(11,'Jefe de limpieza'),
(12,'Técnicos/as'),
(13,'Director/a');

INSERT INTO empleados (id_empleado, dni, nombre, apellidos, id_trabajo, fecha_contratacion, fecha_nacimiento)
VALUES (1,'53351613A','Luis Miguel','Serón Rulz','13','13/03/2021','20/11/1991'),
(2,'83520562X','Jaime','Cárdenas Mesa','12','01/01/2015','03/12/1997'),
(3,'38329522Q','Rodrigo','Martinez Rodriguez','7','17/06/2017','01/02/1993'),
(4,'20147538Q','Álvaro','Franco Martinez','4','3/12/2020','02/12/1994'),
(5,'09482471B','Francisco','Franco Franco','10','08/01/2015','07/08/1994'),
(6,'19205729D','TwoPac','Este Cuela','12','22/06/2017','05/03/1990'),
(7,'02808347S','Ana','Delgado Huesca','1','7/12/2020','04/03/1989'),
(8,'02716583S','Lucia','Fernandez Perez','2','12/01/2015','08/02/2000'),
(9,'52284629D','Laura','Romero Ruiz','1','26/06/2017','10/10/1999'),
(10,'53282304D','Maria','García Campallo','5','13/12/2020','12/12/1997'),
(11,'13952372H','Juan','Serón García','8','24/06/2017','17/2/1992'),
(12,'78275936M','Pablo','Cárdenas Mesa','7','16/01/2015','22/03/1995'),
(13,'27394502C','Marta','Rubio Vazquez','8','24/06/2017','14/04/1995'),
(14,'72987324X','Sara','Rosales Marín','3','12/05/2015','01/12/2001'),
(15,'24789454H','Jeronimo','Ferrer Alonso','5','22/10/2017','13/12/1991'),
(16,'87545343F','Antonio','Cortes Roca','5','11/4/2021','04/04/1995'),
(17,'32564744F','Roger','Puig Medina','11','11/05/2015','10/01/2002'),
(18,'34323456H','Susana','Lopez Cano','9','26/10/2017','23/04/1998'),
(19,'32432342V','David','Gimenez Vidal','6','10/4/2021','25/11/1995'),
(20,'87653743B','Lucas','Ortiz Soler','2','09/06/2015','7/2/1992'),
(21,'23456703S','Jose','AguilarGarrido','1','22/11/2017','20/01/2002'),
(22,'91725424D','Rosa','Segura Fuentes','2','9/5/2021','17/6/1992'),
(23,'12562469X','Laura','Herrera Leon','1','22/11/2017','07/09/1998'),
(24,'16125372A','Roberto','Gallego Campos','2','11/07/2015','11/06/2002'),
(25,'76438124A','Carlos','Caballero Nuñez','1','6/6/2021','6/7/1992'),
(26,'12674510E','Miguel','Pujol Reyes','2','25/12/2017','25/09/1998'),
(27,'16275986I','Luis','Cruz Salas','1','31/12/2017','26/06/2002'),
(28,'12567435P','Maylor','Rovira Pascual','2','18/6/2021','4/6/1992'),
(29,'217498110','Pilar','Font Hidalgo','1','22/07/2015','06/05/2002'),
(30,'63232509W','Sofia','Mora Vargas','2','05/01/2018','10/06/1998'); 

INSERT INTO habitaciones (id_habitacion, tipo, precio)
VALUES (1,'Singular',1500),
(2,'Singular',1500),
(3,'Singular',1500),
(4,'Singular',1500),
(5,'Singular',1500),
(6,'Singular',1500),
(7,'Singular',1500),
(8,'Singular',1500),
(9,'Singular',1500),
(0,'Singular',1500),
(11,'Singular',1500),
(12,'Singular',1500),
(13,'Singular',1500),
(14,'Singular',1500),
(15,'Singular',1500),
(16,'Singular',1500),
(17,'Singular',1500),
(18,'Singular',1500),
(19,'Singular',1500),
(20,'Doble',1000),
(21,'Doble',1000),
(22,'Doble',1000),
(23,'Doble',1000),
(24,'Doble',1000),
(25,'Doble',1000),
(26,'Doble',1000),
(27,'Doble',1000),
(28,'Doble',1000),
(29,'Doble',1000),
(30,'Doble',1000);