INSERT INTO trabajos (id_trabajo, nombre)
VALUES (1, 'Auxiliar de enfermeria'),
(2,'Enfermero/a'),
(3,'Cocinero/a'),
(4,'Recursos humanos'),
(5,'Limpieza'),
(6,'Trabajador/a social'),
(7,'Podólogo/a'),
(8,'Fisiotrapeuta'),
(9,'Ayudante de cocina'),
(10,'Portero/a'),
(11,'Jefe de limpieza'),
(12,'Técnicos/as'),
(13,'Director/a');

INSERT INTO empleados (id_empleado, dni, nombre, apellidos, id_trabajo, fecha_contratacion, fecha_nacimiento)
VALUES (1,'53351613A','Luis Miguel','Serón Rulz','13','3/13/2021','11/20/1991'),
(2,'83520562X','Jaime','Cárdenas Mesa','12','01/01/2015','03/15/1997'),
(3,'38329522Q','Rodrigo','Martinez Rodriguez','7','17/06/2017','01/22/1993'),
(4,'20147538Q','Álvaro','Franco Martinez','4','3/12/2020','02/14/1994'),
(5,'09482471B','Francisco','Franco Franco','10','08/01/2015','07/28/1994'),
(6,'19205729D','TwoPac','Este Cuela','12','22/06/2017','05/30/1990'),
(7,'02808347S','Ana','Delgado Huesca','1','7/12/2020','04/03/1989'),
(8,'02716583S','Lucia','Fernandez Perez','2','12/01/2015','08/20/2000'),
(9,'52284629D','Laura','Romero Ruiz','1','26/06/2017','10/10/1999'),
(10,'53282304D','Maria','García Campallo','5','13/12/2020','12/30/1997'),
(11,'13952372H','Juan','Serón García','8','24/06/2017','17/2/1992'),
(12,'78275936M','Pablo','Cárdenas Mesa','7','16/01/2015','22/03/1995'),
(13,'27394502C','Marta','Rubio Vazquez','8','24/06/2017','14/04/1995'),
(14,'72987324X','Sara','Rosales Marín','3','12/05/2015','01/12/2001'),
(15,'24789454H','Jeronimo','Ferrer Alonso','5','22/10/2017','13/12/1991'),
(16,'87545343F','Antonio','Cortes Roca','5','11/4/2021','04/04/1995'),
(17,'32564744F','Roger','Puig Medina','11','11/05/2015','10/01/2002'),
(18,'34323456H','Susana','Lopez Cano','9','26/10/2017','23/04/1998'),
(19,'32432342V','David','Gimenez Vidal','6','10/4/2021','25/11/1995'),
(20,'87653743B','Lucas','Ortiz Soler','2','09/06/2015','7/2/1992'),
(21,'23456703S','Jose','AguilarGarrido','1','22/11/2017','20/01/2002'),
(22,'91725424D','Rosa','Segura Fuentes','2','9/5/2021','17/6/1992'),
(23,'12562469X','Laura','Herrera Leon','1','','07/09/1998'),
(24,'16125372A','Roberto','Gallego Campos','2','11/07/2015','11/06/2002'),
(25,'76438124A','Carlos','Caballero Nuñez','1','6/6/2021','6/7/1992'),
(26,'12674510E','Miguel','Pujol Reyes','2','25/12/2017','25/09/1998'),
(27,'16275986I','Luis','Cruz Salas','1','31/12/2017','26/06/2002'),
(28,'12567435P','Maylor','Rovira Pascual','2','18/6/2021','4/6/1992'),
(29,'217498110','Pilar','Font Hidalgo','1','22/07/2015','06/05/2002'),
(30,'63232509W','Sofia','Mora Vargas','2','05/01/2018','10/06/1998'); 

INSERT INTO habitaciones (id_habitacion, tipo, precio)
VALUES (1,'Singular',1500),
(2,'Singular',1500),
(3,'Singular',1500),
(4,'Singular',1500),
(5,'Singular',1500),
(6,'Singular',1500),
(7,'Singular',1500),
(8,'Singular',1500),
(9,'Singular',1500),
(0,'Singular',1500),
(11,'Singular',1500),
(12,'Singular',1500),
(13,'Singular',1500),
(14,'Singular',1500),
(15,'Singular',1500),
(16,'Singular',1500),
(17,'Singular',1500),
(18,'Singular',1500),
(19,'Singular',1500),
(20,'Doble',1000),
(21,'Doble',1000),
(22,'Doble',1000),
(23,'Doble',1000),
(24,'Doble',1000),
(25,'Doble',1000),
(26,'Doble',1000),
(27,'Doble',1000),
(28,'Doble',1000),
(29,'Doble',1000),
(30,'Doble',1000);